duckduckgo.com,21908,65,30,35,1.16666666667,609,-66,-609,66,609,-66,-609,66,609,-66,-609,66,-1514,66,-1514,66,-1514,66,-435,66,609,-66,-609,609,-66,-609,66,-1123,66,609,-66,-609,66,609,-66,-66,-609,66,609,-66
duckduckgo.com,21871,63,29,34,1.1724137931,609,-66,-609,609,-66,-609,66,609,-66,-609,66,-1514,66,-1514,66,-1369,66,-609,66,609,-66,-609,609,-66,-609,66,-1123,66,609,-66,-609,66,609,-66,-609,66,609,-66,-609,66
duckduckgo.com,22380,64,30,34,1.13333333333,609,-66,-609,66,609,-66,-66,-609,66,609,-66,-609,66,-1514,66,-1514,66,-1369,66,-609,66,609,-66,-609,609,-66,-609,66,-1123,66,-575,66,609,-66,-609,66,609,-66,-609,66
duckduckgo.com,22261,61,28,33,1.17857142857,609,-66,-609,66,609,-66,-609,66,609,-66,-609,66,-1514,66,-1514,66,-1514,66,609,-435,-66,609,-66,-609,609,-66,-609,66,-1123,66,609,-66,-609,66,609,-66,-609,66,609,-66
duckduckgo.com,23212,70,32,38,1.1875,597,-60,-597,54,597,-60,-597,597,-60,-597,54,-597,54,597,-60,-597,54,597,-60,-597,54,597,-60,-1514,54,-1514,54,-761,54,-1111,54,-597,54,597,-60,-597,597,-60,-1514,-165
duckduckgo.com,22923,66,31,35,1.12903225806,609,-66,-609,66,609,-66,-609,66,609,-66,-609,66,-1514,66,-1514,66,-1369,66,609,-609,-66,609,-66,-609,609,-66,-609,66,-1123,66,609,-66,-609,66,609,-66,-609,66,609,66
duckduckgo.com,23266,72,33,39,1.18181818182,597,-60,-597,54,597,-60,-597,597,-60,-597,54,-597,54,597,-60,-597,54,597,-60,-597,54,597,-60,-1514,54,-165,54,-1514,54,-1514,54,-247,54,-597,54,597,-60,-597,597,-60
duckduckgo.com,21805,63,30,33,1.1,609,-66,-609,66,609,-66,-609,66,609,-66,-609,66,-1514,66,-1514,66,-283,66,-1514,66,-247,66,609,-66,-609,609,-66,-609,66,-1123,66,609,-66,-609,66,609,-66,-609,66,609
duckduckgo.com,21871,64,30,34,1.13333333333,609,-66,-609,66,609,-66,-609,66,609,-66,-609,66,-1514,66,-1514,66,-1369,66,-609,66,609,-66,-609,609,-66,66,-66,-609,66,-1123,66,609,-66,-609,66,609,-66,-66,-609,66
duckduckgo.com,23303,72,32,40,1.25,597,-60,-597,597,-60,-597,597,-60,-1111,54,597,-60,-597,54,597,-60,-597,54,597,-60,-1514,54,-165,54,-1514,54,-1514,54,-247,54,-597,54,597,-60,-597,597,-60,-1514,-165,54
duckduckgo.com,21900,64,30,34,1.13333333333,609,-66,-609,66,609,-66,-66,-609,66,609,-66,-609,66,-1514,66,-1514,66,-1514,66,-464,66,609,-66,-609,609,-66,609,-66,-609,66,-1123,66,609,-66,-609,66,609,-66,-609,66
duckduckgo.com,23129,68,31,37,1.1935483871,597,-60,-597,54,597,-60,-597,597,-60,-1111,54,597,-60,-597,54,597,-60,-597,54,597,-60,-1514,54,-1514,54,-761,54,-1111,54,-597,54,597,-60,-597,597,-60,-1514,-165,54,597
duckduckgo.com,21386,63,29,34,1.1724137931,609,-66,-609,66,609,-66,-66,-609,66,609,-66,-609,66,-1514,66,-1514,66,-1369,66,609,-66,-609,609,-66,-609,66,-1123,66,609,-66,-609,66,609,-66,-609,66,609,-66,-609,66
duckduckgo.com,23183,71,33,38,1.15151515152,597,-60,-597,54,597,-60,-597,597,-60,-1111,54,597,-60,-597,54,597,-60,-597,54,597,-60,-1514,54,-1514,54,-761,54,-1111,54,-597,54,597,-60,-597,597,-60,-1514,-165,54,597
duckduckgo.com,23272,71,32,39,1.21875,597,-60,-597,54,597,-60,-597,597,-60,-597,54,-597,54,597,-60,-597,54,597,-60,-597,54,597,-60,-1514,54,-1514,54,-761,54,-1111,54,597,-597,-60,597,-60,-597,597,-60,-1514
duckduckgo.com,23917,75,34,41,1.20588235294,597,-60,-597,54,597,-60,-597,597,-60,-1111,54,597,-60,-597,54,597,-60,-597,54,597,-60,-597,54,-1514,54,-165,54,-1514,54,-1514,54,-247,54,-597,54,597,-60,-597,597,-60
duckduckgo.com,21739,61,29,32,1.10344827586,609,-66,-609,66,609,-66,-609,66,609,-66,-609,66,-1514,66,-1514,66,-1369,66,-609,66,609,-66,-609,609,-66,-609,66,-1123,66,609,-66,-609,66,609,-66,-609,66,609,-66,-609
duckduckgo.com,21710,61,29,32,1.10344827586,609,-66,-609,66,609,-66,-609,66,609,-66,-609,66,-1514,66,-1514,66,-1369,66,-609,66,609,-66,-609,609,-66,-609,66,-1123,66,609,-66,-609,66,609,-66,-609,66,609,-66,-609
duckduckgo.com,21747,63,30,33,1.1,609,-66,-609,66,609,-66,-609,66,609,-66,-609,66,-1514,66,-1514,66,-1514,66,-435,66,609,-66,-609,609,-66,-609,66,66,-1123,66,-66,609,-66,-609,66,609,-66,-609,66,609
duckduckgo.com,23243,71,32,39,1.21875,597,-60,-597,54,597,-60,-597,597,-60,-1111,54,597,-60,-597,54,597,-60,-597,54,597,-60,-1514,54,-165,54,-1514,54,-1514,54,-247,54,597,-597,-60,597,-60,-597,597,-60,-1514
duckduckgo.com,23249,71,32,39,1.21875,597,-60,-597,54,597,-60,-597,597,-60,-1111,54,597,-60,-597,54,597,-60,-597,54,597,-60,-1514,54,-1514,54,-761,54,-1111,54,-597,54,597,-60,-597,597,-60,-1514,-165,54,597
duckduckgo.com,23349,73,33,40,1.21212121212,597,-60,-597,54,597,-60,-597,597,-60,-597,54,-597,54,597,-60,-597,54,597,-60,-597,54,597,-60,-1514,54,-1514,54,-761,54,-1111,54,-597,54,597,-60,-597,597,-60,-1514,-165
duckduckgo.com,27154,94,44,50,1.13636363636,597,-60,1514,165,-60,-597,54,597,-597,54,-60,597,-60,-597,54,597,-60,-597,54,1514,165,-60,-60,-597,54,597,-60,-597,597,-597,597,-60,-597,54,-1111,54,597,-60,-597,54
duckduckgo.com,23129,68,31,37,1.1935483871,597,-60,-597,54,597,-60,-597,597,-60,-1111,54,597,-60,-597,54,597,-60,-597,54,597,-60,-1514,54,-1514,54,-761,54,-1514,54,-194,54,597,-60,-597,597,-60,-1514,-165,54,597
duckduckgo.com,23183,69,31,38,1.22580645161,597,-60,-597,597,-60,-597,597,-60,-1111,54,597,-60,-597,54,597,-60,-597,54,597,-60,-1514,54,-1514,54,-761,54,-1111,54,-597,54,597,-60,-597,597,-60,-1514,-165,54,597,-60
duckduckgo.com,23183,69,31,38,1.22580645161,597,-60,-597,597,-60,-597,597,-60,-1111,54,597,-60,-597,54,597,-60,-597,54,597,-60,-1514,54,-1514,54,-761,54,-1111,54,-597,54,597,-60,-597,597,-60,-1514,-165,54,597,-60
duckduckgo.com,21739,61,29,32,1.10344827586,609,-66,-609,66,609,-66,-609,66,609,-66,-609,66,-1514,66,-1514,66,-1369,66,-609,66,609,-66,-609,609,-66,-609,66,-1123,66,609,-66,-609,66,609,-66,-609,66,609,-66,-609
duckduckgo.com,21805,62,29,33,1.13793103448,609,-66,-609,66,609,-66,-609,66,609,-66,-609,66,-1514,66,-1514,66,-1369,66,-609,66,609,-66,-609,609,-66,-609,66,-1123,66,609,-66,-609,66,609,-66,-609,66,609,-66,-609
duckduckgo.com,21072,59,28,31,1.10714285714,609,-66,-609,66,609,-66,-609,66,609,-66,-609,66,-1514,66,-1514,66,-1369,66,609,-66,-609,609,-66,-609,66,-1123,66,609,-66,-609,66,609,-66,-609,66,609,-66,-609,66,-1514
duckduckgo.com,22140,62,28,34,1.21428571429,609,-66,-609,66,609,-66,-609,66,609,-66,-1514,66,-1514,66,-283,66,-1514,66,-732,66,609,-66,-609,609,-66,-1514,-189,66,609,-66,-609,609,-66,-609,66,609,-66,-1514,66,-1514
duckduckgo.com,22261,62,29,33,1.13793103448,609,-66,-609,66,609,-66,-609,66,609,-66,-609,66,-1514,66,-1514,66,-826,66,-1123,66,609,-66,-609,609,-66,-609,-1514,66,-189,66,609,-66,-609,66,609,-66,-609,66,609,-66
duckduckgo.com,23189,69,31,38,1.22580645161,597,-60,-597,54,597,-60,-597,597,-60,-1111,54,597,-60,-597,54,597,-60,-597,54,597,-60,-1514,54,-1514,54,-761,54,-1111,54,-597,54,597,-60,-597,597,-60,-1514,-165,54,597
duckduckgo.com,23349,73,33,40,1.21212121212,597,-60,-597,54,597,-60,-597,597,-60,-597,54,-597,54,597,-60,-597,54,597,-60,-597,54,597,-60,-1514,54,-1514,54,-247,54,-1514,54,-165,54,-597,54,597,-60,-597,597,-60
duckduckgo.com,23183,70,32,38,1.1875,597,-60,-597,54,597,-60,-597,597,-60,-1111,54,597,-60,-597,54,597,-60,-597,54,597,-60,-1514,54,-165,54,-1514,54,-1514,54,-247,54,-597,54,597,-60,-597,597,-60,-1514,-165
duckduckgo.com,29452,62,1,61,61.0,574,-66,-609,-66,-609,-66,-609,-66,-66,-609,-66,-609,-66,-1514,-66,-1514,-66,-797,-66,-1123,-66,-609,-66,-609,-609,-66,-1514,-189,-66,-609,-66,-609,-609,-66,-609,-66,-609,-66,-1514,-66
duckduckgo.com,23129,67,30,37,1.23333333333,597,-60,-597,597,-60,-597,597,-60,-1111,54,597,-60,-597,54,597,-60,-597,54,597,-60,-1514,54,-1514,54,-761,54,-1514,54,-194,54,597,-60,-597,597,-60,-1514,-165,54,597,-60
duckduckgo.com,21739,61,29,32,1.10344827586,609,-66,-609,66,609,-66,-609,66,609,-66,-609,66,-1514,66,-1514,66,-1369,66,-609,66,609,-66,-609,609,-66,-609,66,-1123,66,609,-66,-609,66,609,-66,-609,66,609,-66,-609
duckduckgo.com,21681,61,29,32,1.10344827586,609,-66,-609,66,609,-66,-609,66,609,-66,-609,66,-1514,66,-1514,66,-1514,66,-435,66,609,-66,-609,609,-66,-609,66,-1123,66,609,-66,-609,66,609,-66,-609,66,609,-66,-609
duckduckgo.com,21718,62,29,33,1.13793103448,609,-66,-609,66,609,-66,-609,66,609,-66,-609,66,-1514,66,-1514,66,-1340,66,-609,66,609,-66,-609,609,-66,-609,66,-1123,66,609,-66,-609,66,609,-66,-66,-609,66,609,-66
duckduckgo.com,21805,63,30,33,1.1,609,-66,-609,66,609,-66,-609,66,609,-66,-609,66,-1514,66,-1514,66,-283,66,-1514,66,-247,66,609,-66,-609,609,-66,-609,66,-1123,66,609,-66,-609,66,609,-66,-609,66,609
duckduckgo.com,21101,59,28,31,1.10714285714,609,-66,-609,66,609,-66,-609,66,609,-66,-609,66,-1514,66,-1514,66,-1369,66,609,-66,-609,609,-66,-609,66,-1123,66,609,-66,-609,66,609,-66,-609,66,609,-66,-609,66,-1514
duckduckgo.com,23815,72,33,39,1.18181818182,597,-60,-597,54,597,-60,-597,597,-60,-1111,54,597,-60,-597,54,597,-60,-597,54,597,-60,-1514,54,-1514,54,-247,54,597,-1514,-194,54,-60,-597,597,-60,-597,597,-60,-1111,54
duckduckgo.com,28445,61,1,60,60.0,508,-66,-609,-66,-609,-66,-609,-66,-609,-66,-609,-66,-609,-66,-1514,-66,-1514,-66,-1369,-66,-609,-66,-609,-609,-66,-609,-66,-1123,-66,-609,-66,-609,-66,-609,-66,-609,-66,-609,-66,-609
duckduckgo.com,21739,61,29,32,1.10344827586,609,-66,-609,66,609,-66,-609,66,609,-66,-609,66,-1514,66,-1514,66,-1369,66,-609,66,609,-66,-609,609,-66,-609,66,-1123,66,609,-66,-609,66,609,-66,-609,66,609,-66,-609
duckduckgo.com,24497,78,36,42,1.16666666667,1111,-60,-597,54,-597,54,597,-60,1111,-60,-597,54,597,-60,-597,597,-60,-1111,54,597,-60,-597,54,597,-60,-597,54,597,-60,-1514,54,-165,54,-1514,54,-1514,54,-247,54,-597
github.com,25260,48,21,27,1.28571428571,609,-66,-609,66,609,-66,-609,66,609,-66,-1514,66,-1514,66,-797,66,609,-66,-609,609,-66,-609,609,-66,-1514,-1217,66,-1514,-1514,66,-1514,-1514,-1514,66,-623,66,-1514,66,-1514,66
github.com,24941,45,19,26,1.36842105263,597,-60,-597,54,597,-60,-597,54,597,-60,-1514,54,-1514,54,-761,54,-597,54,597,-60,-597,597,-60,-1514,-1514,54,-761,-1514,54,-1514,-1514,54,-1514,-1514,54,-1514,-1514,54,-1514,-855
github.com,25326,53,25,28,1.12,609,-66,-609,66,609,-66,-609,66,609,-66,-1514,66,-1514,66,-797,66,-609,66,609,-66,-609,609,-66,-1514,-1217,66,-1514,-1514,66,-797,66,-1514,66,-1514,66,-797,66,-609,66,-1514
github.com,25088,46,19,27,1.42105263158,597,-60,-597,54,597,-60,-597,54,597,-60,-1514,54,-1514,54,-761,54,-597,54,597,-60,-597,597,-60,-1514,-165,54,-1514,-1514,54,-1514,597,-1514,-1514,54,-1514,-1514,54,-1514,-1514,54
github.com,25737,48,22,26,1.18181818182,609,-66,-609,66,609,-66,-609,66,609,-66,-1514,66,-1514,66,-797,66,-609,66,609,-66,-609,609,-66,-1514,-1217,66,-1514,-1514,66,-1514,-1514,66,-1514,66,-623,66,-1514,66,-1514,66
github.com,25128,43,18,25,1.38888888889,609,-66,-609,66,609,-66,-609,66,609,-66,-1514,66,-1514,66,-797,66,-609,66,609,-66,-609,609,-66,-1514,-1217,66,-1514,-1514,66,-1514,-1514,66,-1514,-1514,66,-1514,-1514,66,-1514,-1057
github.com,25260,46,19,27,1.42105263158,609,-66,-609,66,609,-66,-609,66,609,-66,-1514,66,-1514,-797,66,66,-609,66,609,-66,-609,609,-66,-1514,-1217,66,-1514,-1514,66,-1514,-1514,66,-1514,-1514,66,-1514,609,-1514,-449,66
github.com,24829,43,18,25,1.38888888889,597,-60,-597,54,597,-60,-597,54,597,-60,-1514,54,-165,54,-1514,54,-1193,54,597,-60,-597,597,-60,-1514,-1193,54,-1514,-1514,54,-1514,-1514,54,-1514,-1514,54,-1514,-1258,54,-1514,-1514
github.com,25260,49,22,27,1.22727272727,609,-66,-609,66,609,-66,-609,66,609,-66,-1514,66,-1514,66,-797,66,-609,66,609,-66,-609,609,-66,-1514,-1217,66,-1514,-1514,66,-1514,-1514,-1514,66,609,-623,-66,66,-1514,66,-1514
github.com,25596,48,21,27,1.28571428571,597,-60,-597,54,-597,54,597,-60,-597,54,597,-60,-597,54,-1514,54,-1514,54,-761,54,-597,54,597,-60,-597,597,-60,-1514,-165,54,-1514,-1514,54,-1514,-1514,54,-1514,-1514,54,-1176
github.com,24290,41,17,24,1.41176470588,597,-60,-597,54,597,-60,-597,54,597,-60,-1514,54,-1514,54,-761,54,-597,54,597,-60,-597,597,-60,-1514,-1193,54,-1514,-1514,54,-1514,-1514,54,-1514,-1514,54,-1514,-1514,54,-1514,-1480
github.com,24858,43,18,25,1.38888888889,597,-60,-597,54,597,-60,-597,54,597,-60,-1514,54,-1514,54,-761,54,-597,54,597,-60,-597,597,-60,-1514,-1193,54,-1514,-1514,54,-1514,-1514,54,-1514,-1514,54,-1514,-1514,54,-1369,-1514
github.com,25538,50,23,27,1.17391304348,597,-60,-597,54,597,-60,-597,54,597,-60,-1514,54,-165,54,-1514,54,-165,54,-1111,54,597,-60,-597,597,-60,-1514,-1193,54,-1514,-1514,54,-1514,-1514,54,-954,54,-1514,54,-1514,54
github.com,25194,48,22,26,1.18181818182,609,-66,-609,66,609,-66,-609,66,609,-66,-1514,66,-1514,66,-797,66,-609,66,609,-66,-609,609,-66,-1514,-1217,66,-1514,-1514,66,-1514,-1514,66,-1514,66,-623,66,-1514,66,-1514,66
github.com,25774,45,18,27,1.5,609,-66,-609,66,609,-66,-66,-609,66,609,-66,-1514,66,-1514,66,-797,66,-609,66,609,-66,-609,609,-66,-1514,-1217,66,-1514,-1514,66,-1514,-1514,-1514,66,-1514,-746,66,-1514,-1514,66
github.com,25260,49,22,27,1.22727272727,609,-66,-609,609,-66,-609,66,609,-66,-1514,66,-1514,66,-797,66,609,-609,-66,609,-66,-609,609,-66,-1514,-1217,66,-1514,-1514,66,-797,66,-1514,66,-1514,66,-1514,66,-1514,66,-1043
github.com,25702,46,19,27,1.42105263158,609,-66,-609,609,-66,-609,66,609,-66,-1514,66,-1514,66,-797,66,-609,66,609,-66,-609,609,-66,-1514,-1217,66,-1514,-1514,66,-1514,-1514,66,-1514,-1514,66,-1514,-1514,66,-449,-1514,66
github.com,25030,46,19,27,1.42105263158,597,-60,-597,597,-60,-597,54,597,-60,-1514,54,-165,54,-1514,54,-165,54,-1111,54,597,-60,-597,597,-60,-1514,-1193,54,-1514,-1514,54,-1514,-1514,54,-1514,-1514,54,-1514,-1514,54,-1369
github.com,24433,44,18,26,1.44444444444,597,-60,-597,597,-60,-597,54,597,-60,-1514,54,-1514,54,-761,54,-597,54,597,-60,-597,597,-60,-1514,-1193,54,-1514,-1514,54,-1514,-1514,54,-1514,-1514,54,597,-1514,-1514,54,-1514,-452
github.com,24941,44,18,26,1.44444444444,597,-60,-597,597,-60,-597,54,597,-60,-1514,54,-165,54,-1514,54,-165,54,-1111,54,597,-60,-597,597,-60,-1514,-1193,54,-1514,-1514,54,-1514,-1514,54,-1514,-1514,54,-1514,-1514,54,-1514
github.com,25194,48,22,26,1.18181818182,609,-66,-609,66,609,-66,-609,66,609,-66,-1514,66,-1514,66,-797,66,-609,66,609,-66,-609,609,-66,-1514,-1217,66,-1514,-1514,66,-1514,-1514,66,-1514,66,-623,66,-1514,66,-1217,66
github.com,25117,46,19,27,1.42105263158,597,-60,-597,54,597,-60,-597,54,597,-60,-1514,54,-1514,54,-761,54,597,-597,-60,597,-60,-597,597,-60,-1514,-165,54,-1514,-1514,54,-1514,-1514,54,-1514,-1514,54,-1514,-1514,54,-1514
github.com,25030,46,19,27,1.42105263158,597,-60,-597,54,597,-60,-597,54,597,-60,-1514,54,-1514,54,-761,54,-597,54,597,-60,-597,597,-60,-1514,-165,54,-1514,-1222,54,-1514,-1514,54,-1514,-1514,54,-1514,-1514,54,-1514,-1514
github.com,24972,47,20,27,1.35,597,-60,-597,54,597,-60,-597,54,597,-60,-1514,54,-165,54,-1514,54,-165,54,-1111,54,597,-60,597,-60,-597,597,-60,-1514,-1193,54,-1514,-1514,54,-1514,-1514,54,-1514,-1514,54,-1514
github.com,25260,46,19,27,1.42105263158,609,-66,-609,66,609,-66,-609,66,609,-66,-1514,66,-1514,66,-797,66,-609,66,609,-66,-609,609,-66,-1514,-1217,66,-1514,-1514,66,-1514,-1514,66,-1514,609,-1514,-1514,66,-326,-1514,66
github.com,25803,46,19,27,1.42105263158,609,-66,-609,66,609,-66,-609,66,609,-66,-1514,66,-1514,66,-797,66,-609,66,609,-66,-609,609,-66,-1514,-189,66,-1514,-1514,66,-1514,-1514,66,-1514,-1514,66,-746,-1514,66,-1514,-1514
github.com,25330,53,26,27,1.03846153846,609,-66,-609,66,609,-66,-609,66,609,-66,-1514,66,-1514,66,-797,66,-609,66,609,179,-66,609,-107,66,-66,-609,609,-66,-1514,-1514,66,-797,66,-1514,66,-1514,66,-1514,66,-1514
github.com,24999,44,18,26,1.44444444444,597,-60,-597,54,597,-60,-597,54,597,-60,-1514,54,-1514,54,-761,54,-597,54,597,-60,-597,597,-60,-1514,-165,54,-1514,-1514,54,-1514,-1514,54,-1514,-1514,54,-1514,-1514,54,-1514,-1514
github.com,25028,44,18,26,1.44444444444,597,-60,-597,597,-60,-597,54,597,-60,-1514,54,-165,54,-1514,54,-165,54,-1111,54,597,-60,-597,597,-60,-1514,-1193,54,-1514,-1514,54,-1514,-1514,54,-1514,-1514,54,-1514,-1514,54,-1514
github.com,25769,55,27,28,1.03703703704,609,-66,-609,66,609,-66,-609,66,609,-66,-1514,66,-1514,66,-797,66,-609,66,609,-66,-609,66,609,-66,-66,-1514,66,-1514,66,-797,66,-1514,66,-1514,66,-1514,66,-1514,66,-1514
github.com,25289,51,24,27,1.125,609,-66,-609,66,609,-66,-609,66,609,-66,-1514,66,-1514,66,-283,66,-1152,66,609,-66,-609,609,-66,-1514,-1217,66,-1514,-1514,66,-797,66,-1514,66,-1514,66,-1514,66,-1514,66,-1043
github.com,25260,47,20,27,1.35,609,-66,-609,66,609,-66,-609,66,609,-66,-1514,66,-1514,66,-797,66,-609,66,609,-66,-609,609,-66,-1514,-1217,66,609,-1514,-1514,66,-1514,-1514,66,-1514,-623,66,-66,-1514,-1217,66
github.com,25194,46,20,26,1.3,609,-66,-609,66,609,-66,-609,66,609,-66,-1514,66,-1514,66,-797,66,-609,66,609,-66,-609,609,-66,-1514,-1217,66,-1514,-1514,66,-1514,-1514,66,-1514,-1514,66,-1514,-1514,66,-449,66
github.com,25055,47,19,28,1.47368421053,597,-60,-597,54,597,-60,-597,54,597,-60,-1514,54,-1514,54,-761,54,-597,54,597,-60,-597,597,-60,-1514,-165,54,-1514,-1514,54,-1514,597,-1514,-1514,54,-1514,-119,54,-1514,-1514,54
github.com,25194,44,18,26,1.44444444444,609,-66,-609,66,609,-66,-609,66,609,-66,-1514,66,-1514,66,-797,66,-609,66,609,-66,-609,609,-66,-1514,-1217,66,-1514,-1514,66,-797,-1514,66,-1514,-1514,66,-1514,-1514,66,-1514,-1514
github.com,24947,45,19,26,1.36842105263,597,-60,-597,54,597,-60,-597,54,597,-60,-1514,54,-1514,54,-761,54,-597,54,597,-60,-597,597,-60,-1514,-1193,54,-1514,-1514,54,-1514,-1514,54,-1514,-1514,54,597,-1514,-1514,54,-1514
github.com,24887,42,17,25,1.47058823529,597,-60,-597,597,-60,-597,54,597,-60,-1514,54,-1514,54,-761,54,-597,54,597,-60,-597,597,-60,-1514,-1193,54,-1514,-1514,54,-1514,-1514,54,-1514,-1514,54,-1514,-1514,54,-1514,-1514,54
github.com,25194,44,18,26,1.44444444444,609,-66,-609,66,609,-66,-609,66,609,-66,-1514,66,-1514,66,-797,66,-609,66,609,-66,-609,609,-66,-1514,-1217,66,-1514,-1514,66,-1514,-1514,66,-1514,-623,66,-1514,-1514,66,-1514,-1514
github.com,25654,47,20,27,1.35,597,-60,-597,54,597,-60,-597,54,597,-60,-1514,54,-165,54,-1514,54,-165,54,-1111,54,597,-60,-597,597,-60,-1514,-165,54,-1514,-1514,54,-1514,-1514,54,-1514,-1514,54,-1514,-1514,54
github.com,25194,48,22,26,1.18181818182,609,-66,-609,66,609,-66,-609,66,609,-66,-1514,66,-1514,66,-797,66,-609,66,609,-66,-609,609,-66,-1514,-1514,-797,66,-1514,-1514,66,-1340,66,-1514,66,-1514,66,-1514,66,-1514,66
github.com,25260,50,23,27,1.17391304348,609,-66,-609,66,609,-66,-66,-609,66,609,-66,-1514,66,-1514,66,-797,66,-609,66,609,-66,-609,609,-66,-1514,-1217,66,-1514,-1514,66,-797,66,-1514,66,-1514,66,-1514,66,-1514,66
github.com,25260,45,18,27,1.5,609,-66,-609,66,609,-66,-66,-609,66,609,-66,-1514,66,-1514,66,-797,66,-609,66,609,-66,-609,609,-66,-1514,-1217,66,-1514,-1514,66,-1514,-1514,66,-1514,-623,66,-1514,-1514,66,-1514
github.com,25117,46,19,27,1.42105263158,597,-60,-597,54,597,-60,-597,54,597,-60,-1514,54,-1514,54,-761,54,-597,54,597,-60,-597,597,-60,-1514,-165,54,-1514,-1514,54,-1514,-1514,54,-1514,-1514,54,-1514,-1514,54,-1514,-539
github.com,25194,48,22,26,1.18181818182,609,-66,-609,66,609,-66,-609,66,609,-66,-1514,66,-1514,66,-797,66,-609,66,609,-66,-609,609,-66,-1514,-1217,66,-1514,-1514,66,-1514,-1514,66,-1514,66,-623,66,-1514,66,-1514,66
github.com,25128,42,17,25,1.47058823529,609,-66,-609,66,609,-66,-609,66,609,-66,-1514,66,-1514,66,-797,66,-609,66,609,-66,-609,609,-66,-1514,-1217,66,-1514,-1514,66,-1514,-1514,-1514,66,-1514,-1514,66,-1514,-1514,66,-1514
github.com,25901,55,25,30,1.2,609,-66,66,-66,-609,66,609,-66,-609,66,609,-66,-1514,66,-1514,66,-797,66,-609,66,609,-66,-609,609,-66,-1514,-1217,66,-1514,-1514,66,-1514,-1514,66,-1514,66,-623,66,-1514,66
github.com,25260,45,18,27,1.5,609,-66,-609,609,-66,-609,66,609,-66,-1514,66,-1514,66,-797,66,-609,66,609,-66,-609,609,-66,-1514,-1217,66,-1514,-1514,66,-1514,-1514,66,-1514,-1514,66,609,-1514,-326,66,-1514,-1514
github.com,25128,47,22,25,1.13636363636,609,-66,-609,66,609,-66,-609,66,609,-66,-1514,66,-1514,66,-797,66,-609,66,609,-66,-609,609,-66,-1514,-1217,66,-1514,-1514,66,-797,66,-1514,66,-1514,66,-1514,66,-1514,66,-1514
github.com,24970,44,18,26,1.44444444444,597,-60,-597,54,597,-60,-597,54,597,-60,-1514,54,-165,54,-1514,54,-1193,54,597,-60,-597,597,-60,-1514,-165,54,-1514,-1514,54,-1514,-1514,54,-1514,-1514,54,-1514,-1514,54,-1514,-1514
jjay.cuny.edu,18353,31,13,18,1.38461538462,609,-66,-609,66,609,-66,-609,609,-66,-1514,-1514,66,-283,-1514,66,-1514,-1514,66,-1434,-1514,66,-1514,66,-1514,66,-1514,66,-1514,66,-80,66,0,0,0,0,0,0,0,0,0
jjay.cuny.edu,18411,29,11,18,1.63636363636,609,-66,-609,66,609,-66,-609,609,-66,-1514,-1514,66,-283,-1514,66,-1514,-1514,66,609,-1514,-1514,66,-1514,-1514,66,-1514,-1506,66,-66,0,0,0,0,0,0,0,0,0,0,0
jjay.cuny.edu,18316,32,15,17,1.13333333333,609,-66,-609,66,609,-66,-609,609,-66,-1514,-1514,66,-283,66,-1514,66,-1514,66,-1514,66,-1514,66,-1514,66,-1514,66,-1514,66,-1514,66,-1477,66,0,0,0,0,0,0,0,0
jjay.cuny.edu,20434,33,13,20,1.53846153846,609,-66,-609,66,609,-66,-609,609,-66,-509,66,-1514,-1514,66,-283,-1514,66,-1514,-1514,66,-1514,-1514,66,-1514,-1514,66,-1514,-449,66,-1514,78,-1123,66,0,0,0,0,0,0,0
jjay.cuny.edu,18382,34,16,18,1.125,609,-66,-609,66,609,-66,-609,609,-66,-1514,-1514,66,-283,66,-1514,66,-1514,66,-797,66,-1514,66,-1514,66,-1514,66,-1514,66,-1514,66,-1514,66,-746,66,0,0,0,0,0,0
jjay.cuny.edu,18411,28,10,18,1.8,609,-66,-609,609,-66,-609,609,-66,-1514,-1514,-797,66,-1514,-1514,66,-1514,-949,66,-1514,-1514,66,-1514,-406,66,-1514,66,-1217,66,0,0,0,0,0,0,0,0,0,0,0,0
jjay.cuny.edu,18316,28,11,17,1.54545454545,609,-66,-609,66,609,-66,-609,609,-66,-1514,-1514,-797,66,-1514,66,-1514,-1514,66,-1514,-1514,-1514,66,-1260,66,-1514,66,-1217,66,0,0,0,0,0,0,0,0,0,0,0,0
jjay.cuny.edu,18155,34,16,18,1.125,597,-60,-597,54,597,-60,-597,597,-60,-1514,-1514,54,-247,54,-1514,54,-1514,54,-761,54,-1514,54,-1514,54,-1514,54,-1514,54,-1514,54,-1514,54,-633,54,0,0,0,0,0,0
jjay.cuny.edu,20774,31,1,30,30.0,509,-66,-609,-66,-609,-66,-609,-66,-609,-609,-66,-1514,-1514,-797,-66,-1514,-1514,-66,-1514,-920,-66,-1514,-1514,-66,-797,-1514,-66,-1514,-66,-797,-66,0,0,0,0,0,0,0,0,0
jjay.cuny.edu,0,0,0,0,0.0,0,0,0,0,0,0,0,0,0,0,0,0,0,0,0,0,0,0,0,0,0,0,0,0,0,0,0,0,0,0,0,0,0,0,0,0,0,0,0,0
jjay.cuny.edu,17587,28,11,17,1.54545454545,597,-60,-597,54,597,-60,-597,597,-60,-1514,-1514,54,-247,597,-1514,-1514,54,-1514,-1386,54,-1514,-1514,54,-1514,-1514,54,-954,54,0,0,0,0,0,0,0,0,0,0,0,0
jjay.cuny.edu,18382,34,16,18,1.125,609,-66,-609,66,609,-66,-609,609,-66,-1514,-1514,66,-283,66,-1514,66,-1514,66,-1514,66,-1463,66,-1514,66,-1514,66,-1514,66,-1514,66,-1514,66,-80,66,0,0,0,0,0,0
jjay.cuny.edu,18985,35,15,20,1.33333333333,609,-66,-609,66,609,-66,-609,609,-66,-1514,-1514,66,-283,66,-1514,66,-1514,66,-797,66,609,-1514,-1514,66,-1514,-1514,66,-1514,-1514,66,-775,-66,66,-508,66,0,0,0,0,0
jjay.cuny.edu,17587,32,15,17,1.13333333333,597,-60,-597,54,597,-60,-597,597,-60,-1514,-1514,54,-247,54,-1514,54,-1514,54,-1514,54,-1386,54,-1514,54,-1514,54,-1514,54,-1514,54,-954,54,0,0,0,0,0,0,0,0
jjay.cuny.edu,18489,37,18,19,1.05555555556,609,-66,-609,66,609,-66,-609,609,-66,-1514,-1514,66,-283,66,-1514,66,-1514,66,-1514,66,-1514,66,-1514,66,-1514,66,-1514,66,-326,66,-1514,66,-1217,66,179,-107,66,0,0,0
jjay.cuny.edu,19117,35,14,21,1.5,66,-66,609,-66,-609,66,609,-66,-609,609,-66,-1514,-1514,66,-283,-1514,66,-1514,-1514,66,-1463,-1514,66,-1514,-1514,66,609,-1514,-1514,66,-109,-66,66,-574,66,0,0,0,0,0
jjay.cuny.edu,17641,34,16,18,1.125,597,-60,-597,54,597,-60,-597,597,-60,-1514,-1514,54,-247,54,-1514,54,-1514,54,-761,54,-1514,54,-1514,54,-1514,54,-1514,54,-1514,54,-1514,54,-119,54,0,0,0,0,0,0
jjay.cuny.edu,18460,32,13,19,1.46153846154,609,-66,-609,66,609,-66,-609,609,-66,179,-107,66,-1514,-1514,66,-283,609,-1514,-1514,66,-797,-1514,66,-1514,-1514,66,-1514,-1514,66,-1514,-717,66,0,0,0,0,0,0,0,0
jjay.cuny.edu,17587,32,15,17,1.13333333333,597,-60,-597,54,597,-60,-597,597,-60,-1514,-1514,54,-247,54,-1514,54,-1514,54,-1514,54,-1386,54,-1514,54,-1514,54,-1514,54,-1514,54,-954,54,0,0,0,0,0,0,0,0
jjay.cuny.edu,19159,32,12,20,1.66666666667,609,-66,-609,66,609,-711,66,-66,-66,-609,609,-66,-1514,-1514,66,-283,-1514,66,-1514,-1514,66,-1514,-1514,-1514,66,-746,609,-1514,-1514,66,-797,66,0,0,0,0,0,0,0,0
jjay.cuny.edu,18353,33,15,18,1.2,609,-66,-609,609,-66,-609,609,-66,-1514,-1514,66,-283,66,-1514,66,-1514,66,-1514,66,-1434,66,-1514,66,-1514,66,-1514,66,-1514,66,-1514,66,-80,66,0,0,0,0,0,0,0
jjay.cuny.edu,2223,28,17,11,0.647058823529,60,597,-597,1514,1514,-54,247,1514,-54,1514,-597,1514,1514,-54,1514,1514,-54,1514,259,-54,1514,1514,-54,247,-54,597,-54,-597,0,0,0,0,0,0,0,0,0,0,0,0
jjay.cuny.edu,17587,27,10,17,1.7,597,-60,-597,54,597,-60,-597,597,-60,-1514,-1514,54,-247,-1514,54,-1514,-1514,54,-1514,-1514,54,-1514,-1514,54,-1514,-826,54,0,0,0,0,0,0,0,0,0,0,0,0,0
jjay.cuny.edu,21019,34,2,32,16.0,508,-66,-609,-66,-609,-66,-609,-66,-609,-609,-66,-1514,-1514,-797,-66,-1514,-1514,-66,-1514,-920,-66,-1514,-1514,-66,-1514,-1514,-66,-1514,-66,-80,-66,-179,107,-66,0,0,0,0,0,0
jjay.cuny.edu,18316,32,15,17,1.13333333333,609,-66,-609,66,609,-66,-609,609,-66,-1514,-1514,66,-283,66,-1514,66,-1514,66,-1514,66,-1514,66,-1514,66,-1514,66,-1514,66,-1514,66,-1477,66,0,0,0,0,0,0,0,0
jjay.cuny.edu,18353,34,16,18,1.125,609,-66,-609,66,609,-66,-609,609,-66,-1514,-1514,66,-283,66,-1514,66,-1514,66,-1514,66,-1514,66,-1514,66,-1514,66,-717,66,-1514,66,-1514,66,-797,66,0,0,0,0,0,0
jjay.cuny.edu,18382,34,16,18,1.125,609,-66,-609,66,609,-66,-609,609,-66,-1514,-1514,66,-283,66,-1514,66,-1514,66,-1514,66,-406,66,-1514,66,-1514,66,-1514,66,-1514,66,-1514,66,-1137,66,0,0,0,0,0,0
jjay.cuny.edu,0,0,0,0,0.0,0,0,0,0,0,0,0,0,0,0,0,0,0,0,0,0,0,0,0,0,0,0,0,0,0,0,0,0,0,0,0,0,0,0,0,0,0,0,0,0
jjay.cuny.edu,18382,34,16,18,1.125,609,-66,-609,66,609,-66,-609,609,-66,-1514,-1514,66,-283,66,-1514,66,-1514,66,-1514,66,-1514,66,-1514,66,-1514,66,-717,66,-1514,66,-1514,66,-826,66,0,0,0,0,0,0
jjay.cuny.edu,17761,37,17,20,1.17647058824,597,-60,-597,54,597,-60,-597,597,-60,-1514,-1514,54,-247,54,-1514,54,-1514,54,-761,54,-1514,54,-1514,54,-1514,54,-1386,54,-1514,54,-1514,54,-247,54,597,-60,-60,0,0,0
jjay.cuny.edu,18382,29,11,18,1.63636363636,609,-66,-609,66,609,-66,-609,609,-66,-1514,-1514,-797,66,-1514,-1514,-1514,66,-949,66,-1514,-1514,66,-797,-1514,66,-1514,66,-797,66,0,0,0,0,0,0,0,0,0,0,0
jjay.cuny.edu,17701,35,16,19,1.1875,597,-60,-597,54,597,-60,-597,597,-60,-1514,-1514,54,-247,54,-1514,54,-1514,54,-761,54,-1514,54,-1514,54,-1514,54,-1514,54,-1514,54,597,-1514,-119,54,-60,0,0,0,0,0
jjay.cuny.edu,18184,34,16,18,1.125,597,-60,-597,54,597,-60,-597,597,-60,-1514,-1514,54,-761,54,-1514,54,-1514,54,-1514,54,-1514,54,-1514,54,-1514,54,-662,54,-1514,54,-1514,54,-247,54,0,0,0,0,0,0
jjay.cuny.edu,17641,34,16,18,1.125,597,-60,-597,54,597,-60,-597,597,-60,-1514,-1514,54,-247,54,-1514,54,-1514,54,-761,54,-1514,54,-1514,54,-1514,54,-1386,54,-1514,54,-1514,54,-247,54,0,0,0,0,0,0
jjay.cuny.edu,18419,34,15,19,1.26666666667,609,-66,-609,66,609,-66,-609,609,-66,-1514,-1514,66,-283,-1514,66,-1514,66,-1514,66,-1514,66,-1514,66,-1514,66,-717,66,609,-1514,-1514,66,-797,-66,66,0,0,0,0,0,0
jjay.cuny.edu,17641,33,15,18,1.2,597,-60,-597,597,-60,-597,597,-60,-1514,-1514,54,-247,54,-1514,54,-1514,54,-761,54,-1514,54,-1514,54,-1514,54,-1514,54,-1514,54,-1514,54,-119,54,0,0,0,0,0,0,0
jjay.cuny.edu,17616,27,10,17,1.7,597,-60,-597,597,-60,-597,597,-60,-1514,-1514,54,-761,-1514,54,-1514,-1514,54,-901,-1514,54,-1514,-1514,54,-1514,54,-954,54,0,0,0,0,0,0,0,0,0,0,0,0,0
jjay.cuny.edu,17641,33,15,18,1.2,597,-60,-597,597,-60,-597,597,-60,-1514,-1514,54,-247,54,-1514,54,-1514,54,-761,54,-1514,54,-1514,54,-1514,54,-1514,54,-1514,54,-1514,54,-119,54,0,0,0,0,0,0,0
jjay.cuny.edu,18448,30,11,19,1.72727272727,609,-66,-609,66,609,-66,-609,609,-66,-1514,-1514,-797,66,609,-1514,-1514,66,-1514,-920,66,-66,-1514,-1514,66,-1514,-1514,66,-1514,-109,66,0,0,0,0,0,0,0,0,0,0
jjay.cuny.edu,18419,32,13,19,1.46153846154,609,-66,-609,609,-66,-609,609,-66,-1514,-1514,66,-283,66,-1514,66,-1514,66,-1514,66,609,-1514,-1514,66,-1514,-717,66,-66,-1514,-1514,66,-797,66,0,0,0,0,0,0,0,0
jjay.cuny.edu,18382,32,14,18,1.28571428571,609,-66,-609,609,-66,-609,609,-66,-1514,-1514,66,-283,-1514,66,-1514,66,-1514,66,-1434,66,-1514,66,-1514,66,-1514,66,-1514,66,-500,66,-1123,66,0,0,0,0,0,0,0,0
jjay.cuny.edu,18382,34,16,18,1.125,609,-66,-609,66,609,-66,-609,609,-66,-1514,-1514,66,-283,66,-1514,66,-1514,66,-1514,66,-1514,66,-1514,66,-1514,66,-1514,66,-326,66,-1514,66,-1217,66,0,0,0,0,0,0
jjay.cuny.edu,18555,38,18,20,1.11111111111,609,-66,-609,66,609,-66,-66,179,-107,66,-609,609,-66,-1514,-1514,66,-283,66,-1514,66,-1514,66,-1514,66,-1463,66,-1514,66,-1514,66,-1514,66,-1514,66,-1514,66,-80,66,0,0
jjay.cuny.edu,18130,31,14,17,1.21428571429,597,-60,-597,54,597,-60,-597,597,-60,-1514,-1514,54,-761,-1514,54,-1514,54,-1514,54,-1415,54,-1514,54,-1514,54,-1514,54,-1514,54,-954,54,0,0,0,0,0,0,0,0,0
jjay.cuny.edu,18669,34,16,18,1.125,597,-60,-597,54,597,-60,-597,597,-60,-1514,-1514,54,-247,54,-1514,54,-1514,54,-1514,54,-1514,54,-440,54,-1514,54,-1514,54,-1514,54,-1514,54,-1468,54,0,0,0,0,0,0
jjay.cuny.edu,20972,34,1,33,33.0,508,-66,-609,-66,-609,-66,-609,-66,-609,-609,-66,-1514,-1514,-66,-283,-1514,-66,-1514,-1514,-66,-1434,-66,-1514,-66,-1514,-66,-797,-66,-1514,-66,-1514,-66,-797,-66,0,0,0,0,0,0
jjay.cuny.edu,17724,31,12,19,1.58333333333,597,-60,-597,54,597,-60,-597,597,-60,-1514,-165,54,-1514,-165,54,-1514,-1514,54,-1514,-1514,54,-1514,-1514,54,-633,-1514,54,-1514,54,-247,54,0,0,0,0,0,0,0,0,0
jjay.cuny.edu,19015,43,20,23,1.15,597,-60,-597,54,597,-60,-597,597,-60,-1514,-1514,54,-247,54,-1514,54,-1514,54,-1514,54,-1514,54,-1514,54,-1514,54,-633,54,-1514,54,-1514,54,-247,54,597,-60,-597,54,597,-60
jjay.cuny.edu,17701,36,17,19,1.11764705882,597,-60,-597,54,597,-60,-597,597,-60,-1514,-1514,54,-247,54,-1514,54,-1514,54,-761,54,597,-1514,54,-1514,54,-1514,54,-1386,54,-60,-1514,54,-1514,54,-247,54,0,0,0,0
ny.gov,19408,38,14,24,1.71428571429,609,-66,-609,66,609,-66,-609,609,-66,-1514,-189,66,609,-66,-609,609,-66,-609,609,-66,-1514,-1514,-797,66,-1514,-1514,-797,66,609,-1514,-1514,66,-1514,-1514,66,-1101,-66,66,0,0
ny.gov,19313,40,17,23,1.35294117647,609,-66,-609,66,609,-66,-609,609,-66,-1514,-189,66,609,-66,-609,609,-66,-609,609,-66,-1514,-1514,66,-797,-1514,66,-1514,66,-1340,66,-1514,66,-1514,66,-1340,66,-1514,66,-703,66
ny.gov,19618,39,15,24,1.6,597,-60,-597,54,597,-60,-597,597,-60,-1514,-165,54,597,-60,-597,597,-60,-597,597,-60,-1514,-1514,54,-761,-1514,54,-1514,-1514,54,-1514,597,-1514,-1514,54,-1514,54,-744,54,-60,0
ny.gov,19552,46,20,26,1.3,609,-66,-609,66,609,-66,-609,609,-66,-1514,-189,66,609,-66,-609,609,-66,-609,609,-66,-1514,-1514,-797,66,-1514,66,-1514,66,-1340,66,-1514,66,-1514,66,-1514,66,-1514,66,-529,66
ny.gov,19614,44,16,28,1.75,609,-66,-609,66,609,-66,-66,-609,609,-66,-1514,-189,66,609,-66,-609,609,-66,-609,609,-66,-1514,-1514,66,-797,609,-66,-66,-1514,-1217,66,-1514,-1514,66,-1514,-1514,66,-1514,66,-623
ny.gov,24141,40,1,39,39.0,508,-66,-609,-66,-609,-66,-609,-66,-609,-609,-66,-1514,-189,-66,-609,-66,-609,-609,-66,-609,-609,-66,-1514,-1514,-66,-797,-609,-1514,-1514,-66,-1340,-1514,-66,-1514,-1514,-66,-1514,-66,-500,-66
ny.gov,19445,41,16,25,1.5625,609,-66,-609,66,609,-66,-66,-609,609,-66,-1514,-189,66,609,-66,-609,609,-66,-609,609,-66,-1514,-1514,66,-797,-1514,66,-1514,-1514,66,-1514,609,-1514,66,-1166,66,-66,-1514,66,-703
ny.gov,19342,39,16,23,1.4375,609,-66,-609,66,609,-66,-609,609,-66,-1123,66,-609,66,609,-66,-609,66,609,-66,-609,609,-66,-1514,-1514,-797,66,-1514,66,-1514,-1514,66,-1514,-1514,66,-1166,-1514,66,-703,66,0
ny.gov,19647,39,15,24,1.6,597,-60,-597,54,597,-60,-597,597,-60,-1514,-165,54,597,-60,-597,597,-60,-597,597,-60,-1514,-1514,54,-761,-1514,54,-1514,-1514,54,-1514,597,-1514,-1514,54,-1514,54,-773,54,-60,0
ny.gov,19313,37,14,23,1.64285714286,609,-66,-609,66,609,-66,-609,609,-66,-1514,-189,66,609,-66,-609,609,-66,-609,609,-66,-1514,-1514,66,-797,-1514,66,-1514,-1514,66,-1514,-1514,66,-1166,-1514,66,-703,66,0,0,0
ny.gov,19888,40,15,25,1.66666666667,609,-66,-609,66,609,-66,-66,-609,609,-66,-1514,-189,66,609,-66,-609,609,-66,-609,609,-66,-1514,-1514,66,-797,-1514,-1514,66,-1514,66,-1514,-1514,66,-1166,-1514,66,-703,-509,66,66
ny.gov,19587,37,14,23,1.64285714286,597,-60,-597,54,597,-60,-597,597,-60,-1514,-165,54,597,-60,-597,597,-60,-597,597,-60,-1514,-1514,54,-761,-1514,54,-1514,-1514,54,-1514,-1514,54,-1514,-1514,54,-773,54,0,0,0
ny.gov,19313,36,13,23,1.76923076923,609,-66,-609,66,609,-66,-609,609,-66,-1514,-189,66,609,-66,-609,609,-66,-609,609,-66,-1514,-1514,-797,66,-1514,-1514,-797,66,-1514,-1514,66,-1514,-1514,66,-1072,66,0,0,0,0
ny.gov,19486,41,16,25,1.5625,609,-66,-609,609,-66,-609,609,-66,-1514,-189,66,609,-66,-609,609,-66,-609,609,-66,-1514,-1514,-797,66,-1514,-1514,-797,66,179,-609,-1514,66,-1514,66,-107,66,-1340,66,-1514,66,-703
ny.gov,21730,54,23,31,1.34782608696,597,-60,-597,54,597,-60,-597,597,-60,-1111,54,-597,54,597,-60,-597,54,597,-60,-597,597,-60,-1514,-165,54,-1514,-1514,54,-1514,-1514,54,-1514,-1514,54,-1514,-1514,54,-341,54,-1111
ny.gov,19558,37,14,23,1.64285714286,1111,-60,-597,54,597,-60,-597,597,-60,-1514,-165,54,597,-60,-597,597,-60,-597,597,-60,-1514,-1514,54,-761,-1514,54,-1514,-1514,54,-1514,-1514,54,-1514,-1514,54,-744,54,0,0,0
ny.gov,20101,37,14,23,1.64285714286,597,-60,-597,54,597,-60,-597,597,-60,-1514,-165,54,597,-60,-597,597,-60,-597,597,-60,-1514,-1514,54,-761,-1514,54,-1514,-1514,54,-1415,-1514,54,-1514,-1514,54,-1386,54,0,0,0
ny.gov,19313,40,17,23,1.35294117647,609,-66,-609,66,609,-66,-609,609,-66,-1514,-189,66,609,-66,-609,609,-66,-609,609,-66,-1514,-1514,66,-797,-1514,66,-1514,66,-1514,66,-1514,66,-1514,66,-1514,66,-1514,66,-355,66
ny.gov,23260,58,27,31,1.14814814815,597,-597,54,597,-60,1514,165,-60,-597,597,-597,597,-597,597,-597,54,-1514,54,-165,54,597,-60,1514,165,-60,-597,54,597,-60,-597,597,-60,-597,54,-597,54,597,-60,-597,597
ny.gov,19616,39,16,23,1.4375,597,-60,-597,597,-60,-597,597,-60,-1111,54,-597,54,597,-60,-597,54,597,-60,-597,597,-60,-1514,-1514,54,-761,-1514,54,-1514,-1514,54,-1514,-1514,54,-1094,54,-1514,54,-1193,54,0
ny.gov,19284,37,14,23,1.64285714286,609,-66,-609,66,609,-66,-609,609,-66,-1514,-189,66,609,-66,-609,609,-66,-609,609,-66,-1514,-1514,66,-797,-1514,66,-1514,-1514,66,-1514,-1514,66,-623,-1514,66,-1217,66,0,0,0
ny.gov,19420,43,19,24,1.26315789474,609,-66,-609,609,-66,-609,609,-66,-1514,-189,66,609,-66,-609,609,-66,-609,609,-66,-1514,-1514,66,-797,66,-1514,66,-1514,66,-797,66,-1514,66,-1514,66,-1514,66,-1514,66,-1072,66
ny.gov,19587,37,14,23,1.64285714286,597,-60,-597,54,597,-60,-597,597,-60,-1514,-165,54,597,-60,-597,597,-60,-597,597,-60,-1514,-1514,54,-761,-1514,54,-1514,-1514,54,-1514,-1514,54,-1514,-1514,54,-773,54,0,0,0
ny.gov,19585,37,15,22,1.46666666667,597,-597,597,-60,-597,597,-60,-1111,54,-597,54,597,-60,-597,54,597,-60,-597,597,-60,-1514,-165,54,-1514,-1514,54,-1514,-1514,54,-1514,-1514,54,-1514,-1514,54,-1398,54,0,0,0
ny.gov,19420,40,16,24,1.5,609,-66,179,-609,66,-107,66,609,-66,-609,609,-66,-1514,-189,66,609,-66,-609,609,-66,-609,609,-66,-1514,-1514,66,-797,-1514,66,-1514,-1514,66,-1514,-1514,66,-1166,-1514,66,-703,66
ny.gov,19647,38,14,24,1.71428571429,597,-60,-597,54,597,-60,-597,597,-60,-1514,-165,54,597,-60,-597,597,-60,-597,597,-60,-1514,-1514,54,-761,-1514,54,-1514,-1514,54,-1514,-1514,54,-1514,-1514,54,-773,597,-60,0,0
ny.gov,19420,40,16,24,1.5,609,-66,-609,66,609,-66,-609,609,-66,-1514,-189,66,609,-66,-609,609,-66,-609,609,-66,-1514,-1514,-797,66,-1514,-1514,66,-1340,-1514,66,-1514,-1514,66,-1514,66,-529,66,179,-107,66
ny.gov,19587,38,15,23,1.53333333333,597,-60,-597,54,597,-60,-597,597,-60,-1514,-165,54,597,-60,-597,597,-60,-597,597,-60,-1514,-1514,54,-761,597,-1514,-1514,54,-1514,-1514,54,-1514,-1514,54,-1514,54,-773,54,0,0
ny.gov,19558,37,14,23,1.64285714286,597,-60,-597,54,597,-60,-597,597,-60,-1514,-165,54,597,-60,-597,597,-60,-597,597,-60,-1514,-1514,54,-761,-1514,54,-1514,-1514,54,-1514,-1514,54,-1514,-1514,54,-744,54,0,0,0
ny.gov,19587,37,14,23,1.64285714286,597,-60,-597,54,597,-60,-597,597,-60,-1514,-165,54,597,-60,-597,597,-60,-597,597,-60,-1514,-1514,54,-761,-1514,54,-1514,-1514,54,-1514,-1514,54,-1514,-1514,54,-773,54,0,0,0
ny.gov,19445,42,17,25,1.47058823529,609,-66,-609,609,-66,-609,609,-66,-1514,-189,66,609,-66,-66,609,-66,-609,609,-66,-609,609,-66,-1514,-1514,66,-797,-1514,66,-1514,66,-1514,66,-1514,66,-1514,66,-1514,66,-1514,66
ny.gov,19647,39,15,24,1.6,597,-60,-597,54,597,-60,-597,597,-60,-1514,-165,54,597,-60,-597,597,-60,-597,597,-60,-1514,-1514,54,-761,-1514,54,-1514,-1514,54,-1514,-1514,54,-1514,-1514,54,597,-773,-60,54,0
ny.gov,19928,45,20,25,1.25,609,-66,-609,66,609,-66,-609,609,-66,-1514,-189,66,609,-66,-609,609,-66,-609,609,-66,-1514,-1514,66,-797,-1514,66,-1514,66,-1340,66,-1514,66,-1514,66,-1514,66,-1514,66,-529,66
ny.gov,19342,35,12,23,1.91666666667,609,-66,-609,66,609,-66,-609,609,-66,-1514,-189,66,609,-66,-609,609,-66,-609,609,-66,-1514,-1514,-797,66,-1514,-1514,-797,-1514,-1514,66,-1514,-1514,66,-1101,66,0,0,0,0,0
ny.gov,19552,45,19,26,1.36842105263,609,-66,-609,66,609,-66,-609,609,-66,-1514,-189,66,179,-107,66,609,-66,-609,609,-66,-609,609,-66,-1514,-1514,-797,66,-1514,-1514,-797,66,-609,66,-1514,66,-1514,66,-797,66,-1514
ny.gov,19587,36,13,23,1.76923076923,597,-60,-597,597,-60,-597,597,-60,-1514,-165,54,597,-60,-597,597,-60,-597,597,-60,-1514,-1514,54,-761,-1514,54,-1514,-1514,54,-1514,-1514,54,-1514,-1514,54,-773,54,0,0,0,0
ny.gov,19587,37,14,23,1.64285714286,597,-60,-597,54,597,-60,-597,597,-60,-1514,-165,54,597,-60,-597,597,-60,-597,597,-60,-1514,-1514,54,-761,-1514,54,-1514,-1514,54,-1514,-1514,54,-1514,-1514,54,-773,54,0,0,0
ny.gov,19350,42,18,24,1.33333333333,609,-66,-609,66,609,-66,-609,609,-66,-1514,-189,66,609,-66,-609,609,-66,-609,609,-66,-1514,-1514,66,-797,-1514,66,-1514,66,-1340,66,-1514,66,-1514,66,-797,66,-1514,66,-1217,66
ny.gov,19558,37,14,23,1.64285714286,597,-60,-597,54,597,-60,-597,597,-60,-1514,-165,54,597,-60,-597,597,-60,-597,597,-60,-1514,-1514,54,-761,-1514,54,-1514,-1514,54,-1514,-1514,54,-1514,-1514,54,-744,54,0,0,0
ny.gov,19474,40,15,25,1.66666666667,609,-66,-609,66,609,-66,-609,609,-66,-1514,-189,66,609,-66,-609,609,-66,-609,609,-66,-1514,-189,66,-1514,-1514,66,-797,-1514,66,-1514,-1514,66,-1514,-1514,66,-1514,609,-261,-66,66
ny.gov,19822,38,14,24,1.71428571429,609,-66,-609,66,609,-66,-609,609,-66,-1514,-189,66,609,-66,-609,609,-66,-609,609,-66,-1514,-1514,-797,66,-1514,-1514,66,-1514,-1514,66,-1514,-1514,66,-1514,-355,66,-509,66,0,0
ny.gov,19284,39,16,23,1.4375,609,-66,-609,66,609,-66,-609,609,-66,-1514,-189,66,609,-66,-609,609,-66,-609,609,-66,-1514,-1514,66,-1514,-1514,66,-1014,-1514,66,-1514,66,-1340,66,-1514,66,-1514,66,-283,66,0
ny.gov,19523,42,16,26,1.625,609,-66,-609,66,609,-66,-66,-609,609,-66,-1514,-189,66,609,-66,-609,609,-66,179,-609,609,-66,-107,66,-66,-1514,-1514,-797,66,-1514,-1514,66,-1340,-1514,-1514,66,-1514,66,-1514,66
ny.gov,19917,39,14,25,1.78571428571,609,-66,-609,66,609,-66,-609,609,-66,-1514,-189,66,609,-66,-609,609,-66,-609,609,-66,-1514,-1514,-797,66,-1514,-1514,-797,66,-509,66,-1514,-1514,-1514,-435,66,-1514,66,-732,66,0
ny.gov,19350,38,14,24,1.71428571429,609,-66,-609,66,609,-66,-609,609,-66,-1514,-189,66,609,-66,-609,609,-66,-609,609,-66,-1514,-1514,66,-797,-1514,66,-1514,-1514,-1514,66,-1514,-1514,66,-1514,-326,66,609,-66,0,0
ny.gov,19587,37,14,23,1.64285714286,597,-60,-597,54,597,-60,-597,597,-60,-1514,-165,54,597,-60,-597,597,-60,-597,597,-60,-1514,-1514,54,-761,-1514,54,-1514,-1514,54,-1514,-1514,54,-1514,-1514,54,-773,54,0,0,0
ny.gov,19533,37,15,22,1.46666666667,597,-60,-597,54,597,-60,-597,597,-60,-1111,54,-597,54,597,-60,-597,54,597,-60,-597,597,-60,-1514,-1514,54,-1514,-1514,54,-1514,-1514,54,-1514,-1514,54,-1514,-1451,54,0,0,0
ny.gov,19313,40,17,23,1.35294117647,609,-66,-609,66,609,-66,-609,609,-66,-1514,-189,66,609,-66,-609,609,-66,-609,609,-66,-1514,-1514,66,-797,-1514,66,-1514,66,-1514,66,-1514,66,-1514,66,-1166,66,-1514,66,-703,66
reddit.com,51445,92,40,52,1.3,609,-66,-609,66,609,-66,-609,66,609,-66,-1514,66,-1514,66,-283,66,-1123,66,609,-66,-609,609,-66,-1123,66,609,-66,-609,66,609,-66,-609,66,609,-66,-1514,66,-1514,66,-797
reddit.com,51511,90,37,53,1.43243243243,609,-66,-609,609,-66,-609,66,609,-66,-1514,66,-1514,66,-797,66,-609,66,609,-66,-609,609,-66,-1123,66,609,-66,-609,66,609,-66,-66,-609,66,609,-66,-1514,66,-1514,66,-797
reddit.com,51503,94,42,52,1.2380952381,609,-66,-609,66,609,-66,-609,66,609,-66,-1514,66,-1514,66,-797,66,-609,66,609,-66,-609,609,-66,-1123,66,609,-66,-609,66,609,-66,-609,66,609,-66,-1514,66,-1514,66,-797
reddit.com,42080,79,35,44,1.25714285714,597,-60,-597,54,597,-60,-597,597,-60,-1111,54,597,-60,-597,54,597,-60,-597,54,597,-60,-1514,54,-1514,54,-247,54,-1111,54,597,-60,-597,597,-60,-1514,-165,54,-1514,-1514,54
reddit.com,50865,87,36,51,1.41666666667,609,-66,-609,66,609,-66,-609,66,609,-66,-1514,66,-1514,66,-283,66,-1123,66,609,-66,-609,609,-66,-1123,66,609,-66,-609,66,609,-66,-609,66,609,-66,-1514,66,-1514,66,-283
reddit.com,52020,91,38,53,1.39473684211,609,-66,-609,66,609,-66,-609,66,609,-66,-1514,66,-1514,66,-797,66,-609,66,609,-66,-609,609,-66,-1123,66,609,-66,-609,66,609,-66,-609,66,609,-66,-1514,66,-1514,66,-797
reddit.com,51474,88,36,52,1.44444444444,609,-66,-609,66,609,-66,-609,66,609,-66,-1514,66,-1514,66,-797,66,-609,66,609,-66,-609,609,-66,-1123,66,609,-66,-609,66,609,-66,-609,66,609,-66,-1514,66,-1514,66,-797
reddit.com,42022,79,35,44,1.25714285714,597,-60,-597,54,597,-60,-597,597,-60,-1111,54,597,-60,-597,54,597,-60,-597,54,597,-60,-1514,54,-1514,54,-247,54,-1111,54,597,-60,-597,597,-60,-1514,-1514,54,-761,-1514,54
reddit.com,42026,76,33,43,1.30303030303,597,-60,-597,54,597,-60,-597,597,-60,-1111,54,597,-60,-597,54,597,-60,-597,54,597,-60,-1514,54,-1514,54,-247,54,-1111,54,597,-60,-597,597,-60,-1514,-1514,54,-761,54,-1514
reddit.com,43137,79,35,44,1.25714285714,597,-60,-597,54,597,-60,-597,597,-60,-597,54,-597,54,597,-60,-597,54,597,-60,-597,54,597,-60,-1514,54,-1514,54,-1304,54,597,-60,-597,597,-60,-1514,-1514,54,-247,-1514,54
reddit.com,52091,90,36,54,1.5,609,-66,-609,66,609,-66,-609,66,609,-66,-1514,66,-1514,66,-797,66,-609,66,609,-66,-609,609,-66,-1123,66,609,-66,-609,66,609,-66,-609,66,609,-66,-1514,66,-1514,66,-797
reddit.com,54007,102,43,59,1.37209302326,609,-66,-609,66,609,-609,609,-66,609,-66,-609,66,-609,66,609,-66,-609,66,609,-66,-1514,66,-1514,66,-797,66,-609,66,609,-66,-609,609,-66,-1123,66,609,-66,-609,66,609
reddit.com,51474,93,41,52,1.26829268293,609,-66,-609,66,609,-66,-609,66,609,-66,-1514,66,-1514,66,-797,66,-609,66,609,-66,-609,609,-66,-1123,66,609,-66,-609,66,609,-66,-609,66,609,-66,-1514,66,-1514,66,-797
reddit.com,51581,91,38,53,1.39473684211,609,-66,-609,66,609,-66,-609,66,609,-66,-1514,66,-1514,66,-797,66,-609,66,609,-66,-609,609,-66,-1123,66,179,-107,66,609,-66,-609,66,609,-66,-609,66,609,-66,-1514,66
reddit.com,51540,94,41,53,1.29268292683,609,-66,-609,66,609,-66,-609,66,609,-66,-1514,66,-1514,66,-797,66,-609,66,609,-66,-609,609,-66,-1123,66,609,-66,-609,66,609,-66,-609,66,609,-66,-1514,66,-1514,66,-797
reddit.com,51930,87,35,52,1.48571428571,609,-66,-609,66,609,-66,-609,66,609,-66,-1514,66,-1514,66,-797,66,-609,66,609,-66,-609,609,-66,-1123,66,609,-66,-609,66,609,-66,-609,66,609,-66,-1514,66,-1514,66,-283
reddit.com,41027,71,28,43,1.53571428571,597,-60,-597,597,-60,-597,597,-60,-1111,54,597,-60,-597,54,597,-60,-597,54,597,-60,-1514,54,-1514,54,-247,54,-1111,54,597,-60,-597,597,-60,-1514,-1514,54,-761,-1514,54,-1514
reddit.com,42134,75,30,45,1.5,597,-60,-597,54,597,-60,-597,597,-60,-597,54,-597,54,597,-60,-597,54,597,-60,-597,54,597,-60,-1514,54,-1514,54,-247,54,-1111,54,597,-60,-597,597,-60,-1514,-1514,54,-247
reddit.com,52062,99,45,54,1.2,609,-66,-609,66,609,-66,-609,66,609,-66,-1514,66,-1514,66,-797,66,66,-609,66,609,-66,-66,-609,609,-66,-1123,66,609,-66,-609,66,609,-66,-609,66,609,-66,-1514,66,-1514
reddit.com,41966,76,34,42,1.23529411765,597,-60,-597,54,597,-60,-597,597,-60,-1111,54,597,-60,-597,54,597,-60,-597,54,597,-60,-1514,54,-1514,54,-247,54,-1111,54,597,-60,-597,597,-60,-1514,-1514,54,-761,-1514,54
reddit.com,52025,93,40,53,1.325,609,-66,-609,609,-66,-609,66,609,-66,-1514,66,-1514,66,-797,66,609,-609,-66,609,-66,-609,609,-66,-1123,66,609,-66,-609,66,609,-66,-609,66,609,-66,-1514,66,-1514,66,-797
reddit.com,41991,76,33,43,1.30303030303,597,-60,-597,597,-60,-597,597,-60,-1111,54,597,-60,-597,54,597,-60,-597,54,597,-60,-1514,54,-1514,54,-247,54,-1111,54,597,-60,-597,597,-60,-1514,-1514,54,-761,-1514,54,-1514
reddit.com,42221,81,36,45,1.25,597,-60,-597,597,-60,-597,597,-60,-597,54,-597,54,597,-60,-597,54,597,-60,-597,54,597,-60,-1514,54,-1514,54,-247,54,-1111,54,597,-60,-597,597,-60,-1514,-1514,54,-761,-1514
reddit.com,45844,77,31,46,1.48387096774,1111,-60,-597,54,597,-60,-597,597,-60,-1111,54,597,-60,-597,54,597,-60,-597,54,597,-60,-1514,54,-1514,54,-247,54,-1514,54,-165,54,597,-60,-597,597,-60,-1514,-1514,54,-247
reddit.com,52281,94,38,56,1.47368421053,609,-66,-609,609,-66,-609,66,609,-66,-1514,66,-1514,66,-283,66,-1123,66,609,-66,-609,66,-609,66,609,-66,-1123,66,609,-66,-609,66,609,-66,-66,-609,66,609,-66,-1514,66
reddit.com,51437,84,33,51,1.54545454545,609,-66,-609,609,-66,-609,66,609,-66,-1514,66,-1514,66,-1340,66,609,-66,-609,609,-66,-1123,66,609,-66,-609,66,609,-66,-609,66,609,-66,-1514,66,-1514,66,-797,66,-609,66
reddit.com,42198,74,29,45,1.55172413793,597,-60,-597,54,597,-60,-597,597,-60,-1111,54,597,-60,-597,54,597,-60,-597,54,597,-60,-1514,54,-1514,54,-761,54,597,-597,-60,597,-60,-597,597,-60,-1514,-165,54,-1514,-1514
reddit.com,42623,77,33,44,1.33333333333,597,-60,-597,597,-60,-597,597,-60,-1111,54,597,-60,-597,54,597,-60,-597,54,597,-60,-1514,54,-1514,54,-247,54,-1111,54,597,-60,-597,597,-60,-1514,-165,54,-1514,-1514,54,-1514
reddit.com,51034,90,36,54,1.5,609,-66,-609,609,-66,-609,66,609,-66,-1514,66,-1514,66,-283,66,-1123,66,609,-66,-609,609,-66,-1123,66,609,-66,-609,66,609,-66,-609,66,609,-66,-1514,66,-1514,66,-283,66
reddit.com,51581,91,38,53,1.39473684211,609,-66,-609,66,609,-66,-609,66,179,-107,66,609,-66,-1514,66,-1514,66,-797,66,-609,66,609,-66,-609,609,-66,-1123,66,609,-66,-609,66,609,-66,-609,66,609,-66,-1514,66
reddit.com,42109,73,29,44,1.51724137931,597,-60,-597,54,597,-60,-597,597,-60,-1111,54,597,-60,-597,54,597,-60,-597,54,597,-60,-1514,54,-1514,54,-247,54,-1111,54,597,-60,-597,597,-60,-1514,-1514,54,-761,-1514,54
reddit.com,51474,94,42,52,1.2380952381,609,-66,-609,66,609,-66,-609,66,609,-66,-1514,66,-1514,66,-797,66,-609,66,609,-66,-609,609,-66,-1123,66,609,-66,-609,66,609,-66,-609,66,609,-66,-1514,66,-1514,66,-797
reddit.com,42648,79,34,45,1.32352941176,597,-60,-597,597,-60,-597,597,-60,-597,54,-597,54,597,-60,-597,54,597,-60,-597,54,597,-60,-1514,54,-1514,54,-247,54,-1111,54,597,-60,-597,597,-60,-1514,-165,54,-1514,-1514
reddit.com,52591,92,38,54,1.42105263158,609,-66,-609,66,609,-66,-609,66,609,-66,-1514,66,-1514,66,-797,66,-609,66,609,-66,-609,609,-66,-1123,66,609,-66,-609,66,609,-66,-609,66,609,-66,-1514,66,-1514,66,-797
reddit.com,51474,89,37,52,1.40540540541,609,-66,-609,66,609,-66,-609,66,609,-66,-1514,66,-1514,66,-283,66,-1123,66,609,-66,-609,609,-66,-1123,66,609,-66,-609,66,609,-66,-609,66,609,-66,-1514,66,-1514,66,-283
reddit.com,42221,81,36,45,1.25,597,-60,-597,54,597,-60,-597,597,-60,-597,54,-597,54,597,-60,-597,54,597,-60,-597,54,597,-60,-1514,54,-1514,54,-247,54,-1111,54,597,-60,-597,597,-60,-1514,-1514,54,-1514
reddit.com,52227,94,39,55,1.41025641026,609,-66,-609,66,609,-66,-609,66,609,-66,-1514,66,-1514,66,-797,66,-609,66,609,-66,-609,609,-66,-1123,66,609,-66,-609,66,609,-66,-66,-609,66,609,-66,-1514,66,-1514,66
reddit.com,43481,82,34,48,1.41176470588,597,-60,-597,597,-60,1111,-597,54,-60,597,-60,-597,54,-1514,54,-194,54,597,-60,1111,-60,-597,54,597,-60,-597,54,597,-60,-1514,54,-1514,54,-247,54,-1111,54,597,-60,-597
reddit.com,52169,93,38,55,1.44736842105,609,-66,-609,609,-66,-609,66,609,-66,-1514,66,-1514,66,-797,66,-609,66,609,-66,-609,609,-66,-1123,66,609,-66,-609,66,609,-66,-609,66,609,-66,-1514,66,-1514,66,-797,66
reddit.com,42140,80,35,45,1.28571428571,597,-60,-597,597,-60,-597,597,-60,-1111,54,597,-60,-597,54,597,-60,-597,54,597,-60,-1514,54,-1514,54,-247,54,-1111,54,597,-60,-597,597,-60,-1514,-165,54,-1514,-1514,54,-1514
reddit.com,48493,111,50,61,1.22,597,-60,-597,54,597,-60,1514,165,-60,-597,597,-597,597,-597,597,-597,54,-597,54,-597,54,597,-60,597,-60,-597,54,597,-60,1514,165,-60,-597,54,597,-60,-597,597,-60,-597
reddit.com,51540,94,41,53,1.29268292683,609,-66,-609,609,-66,-609,66,609,-66,-1514,66,-189,66,-1514,66,-1217,66,609,-66,-609,609,-66,-1123,66,609,-66,-609,66,609,-66,-609,66,609,-66,-609,66,-1514,66,-1514,66
reddit.com,51416,92,40,52,1.3,609,-66,-609,66,609,-66,-609,66,609,-66,-1514,66,-1514,66,-797,66,-609,66,609,-66,-609,609,-66,-1123,66,609,-66,-609,66,609,-66,-609,66,609,-66,-1514,66,-1514,66,-797
reddit.com,52061,97,43,54,1.25581395349,179,-107,66,609,-66,-609,66,609,-66,-609,66,609,-66,-1514,66,-1514,66,-797,66,-609,66,609,-66,-609,609,-66,-1123,66,609,-66,-609,66,609,-66,-609,66,609,-66,-1514,66
reddit.com,52198,94,39,55,1.41025641026,609,-66,-609,66,609,-66,-66,-609,66,609,-66,-1514,66,-1514,66,-797,66,-609,66,609,-66,-609,609,-66,-1123,66,609,-66,-609,66,609,-66,-609,66,609,-66,-1514,66,-1514,66
reddit.com,43137,74,30,44,1.46666666667,597,-60,-597,54,597,-60,-597,597,-60,-1111,54,597,-60,-597,54,597,-60,-597,54,597,-60,-1514,54,-1514,54,-247,54,-1111,54,597,-60,-597,597,-60,-1514,-1514,54,-1514,-1514,54
reddit.com,42086,73,29,44,1.51724137931,597,-60,-597,54,597,-60,-597,597,-60,-1111,54,597,-60,-597,54,597,-60,-597,54,597,-60,-1514,54,-1514,54,-1304,54,597,-60,597,-60,-597,597,-60,-1514,-165,54,-1514,-1514,54
reddit.com,51581,96,43,53,1.23255813953,609,-66,-609,66,609,-66,-609,66,609,-66,-1514,66,-1514,66,-797,66,-609,66,609,-66,609,-66,-609,609,-66,-1123,66,609,-66,-609,66,609,-66,-609,66,609,-66,-1514,66,-1514
torproject.org,22122,61,28,33,1.17857142857,609,-66,-609,66,609,-66,-609,66,609,-66,-1514,66,-1514,66,-797,66,-609,66,609,-66,-609,609,-66,-1514,-189,66,-574,66,609,-66,-609,609,-66,-609,66,609,-66,179,-107,66
torproject.org,12542,34,16,18,1.125,597,-60,-597,54,597,-60,-597,54,597,-60,-1514,54,-165,54,-1514,54,-1193,54,597,-60,-597,597,-60,-1514,-165,54,-1514,54,-165,54,-1514,54,-1193,54,0,0,0,0,0,0
torproject.org,21955,57,26,31,1.19230769231,609,-66,-609,66,609,-66,-609,66,609,-66,-1514,66,-1514,66,-797,66,-1123,66,609,-66,-609,609,-66,-1514,-189,66,609,-66,-609,609,-66,-609,66,609,-66,-1514,66,-1514,66,-797
torproject.org,12459,32,15,17,1.13333333333,597,-60,-597,54,597,-60,-597,54,597,-60,-1514,54,-1514,54,-761,54,-597,54,597,-60,-597,597,-60,-1514,-1514,54,-761,54,-1514,54,-679,54,0,0,0,0,0,0,0,0
torproject.org,21507,58,26,32,1.23076923077,609,-66,-609,66,609,-66,609,-609,66,-66,609,-66,-1514,66,-1514,66,-797,66,-609,66,609,-66,-609,609,-66,-1514,-189,66,609,-66,-609,609,-66,-609,66,609,-66,-1514,66,-1514
torproject.org,12459,32,15,17,1.13333333333,597,-60,-597,54,597,-60,-597,54,597,-60,-1514,54,-1514,54,-761,54,-597,54,597,-60,-597,597,-60,-1514,-1514,54,-761,54,-1514,54,-679,54,0,0,0,0,0,0,0,0
torproject.org,12488,31,14,17,1.21428571429,597,-60,-597,54,597,-60,-597,54,597,-60,-1514,54,-1514,54,-761,54,-597,54,597,-60,-597,597,-60,-1514,-1514,54,-761,-1514,54,-708,54,0,0,0,0,0,0,0,0,0
torproject.org,21441,55,24,31,1.29166666667,609,-66,-609,66,609,-66,-609,66,609,-66,-1514,66,-1514,66,-797,66,-609,66,609,-66,-609,609,-66,-1514,-189,66,609,-66,-609,609,-66,-609,66,609,-66,-1514,66,-1514,66,-797
torproject.org,21441,55,24,31,1.29166666667,609,-66,-609,609,-66,-609,66,609,-66,-1514,66,-1514,66,-797,66,-609,66,609,-66,-609,609,-66,-1514,-189,66,609,-66,-609,609,-66,-609,66,609,-66,-1514,66,-1514,66,-797,66
torproject.org,21507,55,23,32,1.39130434783,609,-66,-609,609,-66,-609,66,609,-66,-1514,66,-1514,66,-797,66,-609,66,609,-66,-609,609,-66,-1514,-189,66,609,-66,-609,609,-66,-609,66,609,-66,-1514,66,-1514,66,-797,66
torproject.org,28455,56,1,55,55.0,509,-66,-609,-66,-609,-609,-66,-609,-66,-609,-66,-1514,-66,-1514,-66,-797,-66,-609,-66,-609,-66,-609,-609,-66,-1514,-189,-66,-609,-66,-609,-609,-66,-609,-66,-609,-66,-1514,-66,-1514,-66
torproject.org,21955,56,25,31,1.24,609,-66,-609,66,609,-66,-609,66,609,-66,-1514,66,-1514,66,-797,66,-1123,66,609,-66,-609,609,-66,-1514,-189,66,609,-66,-609,609,-66,-609,66,609,-66,-1514,66,-1514,66,-797
torproject.org,12459,31,14,17,1.21428571429,597,-60,-597,597,-60,-597,54,597,-60,-1514,54,-1514,54,-761,54,-597,54,597,-60,-597,597,-60,-1514,-1514,54,-761,54,-1514,54,-679,54,0,0,0,0,0,0,0,0,0
torproject.org,22015,57,25,32,1.28,609,-66,-609,609,-66,-609,66,609,-66,-1514,66,-1514,66,-797,66,-609,66,609,-66,-609,609,-66,-1514,-189,66,-574,66,609,-66,-609,609,-66,-609,66,609,-66,-1514,66,-1514,66
torproject.org,12459,32,15,17,1.13333333333,597,-60,-597,54,597,-60,-597,54,597,-60,-1514,54,-1514,54,-761,54,-597,54,597,-60,-597,597,-60,-1514,-1514,54,-761,54,-1514,54,-679,54,0,0,0,0,0,0,0,0
torproject.org,22535,57,25,32,1.28,609,-66,-609,66,609,-66,-609,66,609,-66,-1514,66,-1514,66,-797,66,-1123,66,609,-66,-609,609,-66,-1514,-703,66,609,-66,609,-66,-609,609,-66,-609,66,609,-66,-1514,66,-1514
torproject.org,22021,56,24,32,1.33333333333,609,-66,-609,66,609,-66,-609,66,609,-66,-1514,66,-1514,66,-797,66,609,-1123,-66,609,-66,-609,609,-66,-1514,-189,66,609,-66,-609,609,-66,-609,66,609,-66,-1514,66,-1514,66
torproject.org,12459,32,15,17,1.13333333333,597,-60,-597,54,597,-60,-597,54,597,-60,-1514,54,-1514,54,-761,54,-597,54,597,-60,-597,597,-60,-1514,-1514,54,-247,54,-1514,54,-1193,54,0,0,0,0,0,0,0,0
torproject.org,21979,58,26,32,1.23076923077,609,-66,-609,609,-66,-609,66,609,-66,-1514,66,-1514,66,-797,66,-609,66,609,-66,-609,609,-66,-1514,-189,66,609,-66,-609,609,-66,-609,66,609,-66,-509,66,-1514,66,-1514,66
torproject.org,21441,56,25,31,1.24,609,-66,-609,66,609,-66,-609,66,609,-66,-1514,66,-1514,66,-797,66,-609,66,609,-66,-609,609,-66,-1514,-189,66,609,-66,-609,609,-66,-609,66,609,-66,-1514,66,-1514,66,-797
torproject.org,12459,32,15,17,1.13333333333,597,-60,-597,54,597,-60,-597,54,597,-60,-1514,54,-1514,54,-761,54,-597,54,597,-60,-597,597,-60,-1514,-1514,54,-761,54,-1514,54,-679,54,0,0,0,0,0,0,0,0
torproject.org,22458,60,27,33,1.22222222222,609,-66,-609,66,609,-66,-609,66,609,-66,-1514,66,-1514,66,-797,66,-609,66,609,-66,-609,609,-66,-1514,-189,66,609,-66,-609,609,-66,-609,66,609,-66,-1514,66,-1514,66,-797
torproject.org,12488,31,14,17,1.21428571429,597,-60,-597,54,597,-60,-597,54,597,-60,-1514,54,-1514,54,-761,54,-597,54,597,-60,-597,597,-60,-1514,-1514,54,-761,-1514,54,-708,54,0,0,0,0,0,0,0,0,0
torproject.org,21441,55,24,31,1.29166666667,609,-66,-609,609,-66,-609,66,609,-66,-1514,66,-1514,66,-797,66,-609,66,609,-66,-609,609,-66,-1514,-189,66,609,-66,-609,609,-66,-609,66,609,-66,-1514,66,-1514,66,-797,66
torproject.org,21536,58,26,32,1.23076923077,609,-66,-609,66,609,-66,-609,66,609,-66,-1514,66,-1514,66,-797,66,-609,66,609,-66,-609,609,-66,-1514,-189,66,609,-66,-609,609,-66,-609,66,609,-66,-1514,66,-1514,66,-797
torproject.org,21441,55,24,31,1.29166666667,609,-66,-609,66,609,-66,-609,66,609,-66,-1514,66,-1514,66,-797,66,-609,66,609,-66,-609,609,-66,-1514,-189,66,609,-66,-609,609,-66,-609,66,609,-66,-1514,66,-1514,66,-797
torproject.org,13116,35,16,19,1.1875,597,-60,-597,597,-60,-597,54,597,-60,-1514,54,-1514,54,-761,54,-597,54,597,-60,-597,597,-60,-1514,-1514,54,-761,54,-1514,54,-165,54,597,-60,-1111,54,0,0,0,0,0
torproject.org,22727,62,27,35,1.2962962963,609,-66,-609,66,609,-66,-66,-609,66,609,-66,-1514,66,-1514,66,-797,66,-609,66,609,-66,-609,609,-66,-1514,-189,66,609,-66,-609,609,-66,-609,66,609,-66,-574,66,-1514,66
torproject.org,21441,54,23,31,1.34782608696,609,-66,-609,609,-66,-609,66,609,-66,-1514,66,-1514,66,-797,66,-609,66,609,-66,-609,609,-66,-1514,-189,66,609,-66,-609,609,-66,-609,66,609,-66,-1514,66,-1514,66,-797,66
torproject.org,22016,59,27,32,1.18518518519,609,-66,-609,66,609,-66,-609,66,609,-66,-1514,66,-1514,66,-797,66,-609,66,609,-66,-609,609,-66,-1514,-189,66,-575,66,609,-66,-609,609,-66,-609,66,609,-66,-1514,66,-1514
torproject.org,21955,55,24,31,1.29166666667,609,-66,-609,609,-66,-609,66,609,-66,-1514,66,-1514,66,-797,66,-1123,66,609,-66,-609,609,-66,-1514,-189,66,609,-66,-609,609,-66,-609,66,609,-66,-1514,66,-1514,66,-797,66
torproject.org,21955,56,25,31,1.24,609,-66,-609,66,609,-66,-609,66,609,-66,-1514,66,-1514,66,-797,66,-1123,66,609,-66,-609,609,-66,-1514,-189,66,609,-66,-609,609,-66,-609,66,609,-66,-1514,66,-1514,66,-283
torproject.org,22630,62,29,33,1.13793103448,609,-66,-609,66,609,-66,-609,66,609,-66,-1514,66,-189,66,-1514,66,-1514,66,-283,66,609,-66,-609,609,-66,-1123,66,-1123,66,609,-66,-609,66,609,-66,-609,66,609,-66,-1514
torproject.org,21441,56,25,31,1.24,609,-66,-609,66,609,-66,-609,66,609,-66,-1514,66,-1514,66,-797,66,-609,66,609,-66,-609,609,-66,-1514,-189,66,609,-66,-609,609,-66,-609,66,609,-66,-1514,66,-1514,66,-797
torproject.org,21573,57,24,33,1.375,609,-66,-609,609,-66,-609,66,609,-66,-1514,66,-1514,66,-797,66,609,-609,-66,609,-66,-609,609,-66,-1514,-189,66,609,-66,-609,609,-66,-609,66,609,-66,-1514,66,-1514,66,-797
torproject.org,12459,32,15,17,1.13333333333,597,-60,-597,54,597,-60,-597,54,597,-60,-1514,54,-1514,54,-761,54,-597,54,597,-60,-597,597,-60,-1514,-1514,54,-761,54,-1514,54,-679,54,0,0,0,0,0,0,0,0
torproject.org,12488,31,14,17,1.21428571429,597,-60,-597,54,597,-60,-597,54,597,-60,-1514,54,-1514,54,-761,54,-597,54,597,-60,-597,597,-60,-1514,-1514,54,-761,-1514,54,-708,54,0,0,0,0,0,0,0,0,0
torproject.org,12459,32,15,17,1.13333333333,597,-60,-597,54,597,-60,-597,54,597,-60,-1514,54,-165,54,-1514,54,-1193,54,597,-60,-597,597,-60,-1514,-1514,54,-761,54,-1514,54,-679,54,0,0,0,0,0,0,0,0
torproject.org,12488,32,15,17,1.13333333333,597,-60,-597,54,597,-60,-597,54,597,-60,-1514,54,-1514,54,-761,54,-597,54,597,-60,-597,597,-60,-1514,-1514,54,-761,597,-1514,54,-708,54,0,0,0,0,0,0,0,0
torproject.org,12519,32,14,18,1.28571428571,597,-60,-597,54,597,-60,-597,54,597,-60,-1514,54,-165,54,-1514,54,-1193,54,597,-60,-597,597,-60,-1514,-1514,54,-247,597,-60,-1514,-1193,54,0,0,0,0,0,0,0,0
torproject.org,21507,58,26,32,1.23076923077,609,-66,-609,66,609,-66,-609,66,609,-66,-1514,66,-1514,66,-797,66,-609,66,609,-66,-609,609,-66,-1514,-189,66,609,-66,-609,609,-66,-609,66,609,-66,-1514,66,-1514,66,-797
torproject.org,21746,61,26,35,1.34615384615,609,-66,-609,66,609,-66,-609,66,609,-66,-1514,66,-1514,66,-797,66,-609,66,609,-66,-609,609,-66,-1514,-189,66,609,-66,-609,609,-66,-609,66,609,-66,-1514,66,-1514,66,-797
torproject.org,12459,32,15,17,1.13333333333,597,-60,-597,54,597,-60,-597,54,597,-60,-1514,54,-165,54,-1514,54,-1193,54,597,-60,-597,597,-60,-1514,-1514,54,-761,54,-1514,54,-679,54,0,0,0,0,0,0,0,0
torproject.org,12459,32,15,17,1.13333333333,597,-60,-597,54,597,-60,-597,54,597,-60,-1514,54,-1514,54,-761,54,-597,54,597,-60,-597,597,-60,-1514,-1514,54,-761,54,-1514,54,-679,54,0,0,0,0,0,0,0,0
torproject.org,12519,33,15,18,1.2,597,-60,-597,54,597,-60,-597,54,597,-60,-1514,54,-1514,54,-761,54,597,-60,-597,597,-60,-597,597,-60,-1514,-1514,54,-761,54,-1514,54,-679,54,0,0,0,0,0,0,0
torproject.org,21507,58,26,32,1.23076923077,609,-66,-609,66,609,-66,-66,-609,66,609,-66,-1514,66,-1514,66,-797,66,-609,66,609,-66,-609,609,-66,-1514,-189,66,609,-66,-609,609,-66,-609,66,609,-66,-1514,66,-1514,66
torproject.org,13199,37,17,20,1.17647058824,597,-60,-597,54,597,-60,-597,54,597,-60,-1514,54,-1514,54,-761,54,-597,54,597,-60,-597,597,-60,-1514,-1514,54,-761,597,-60,-1514,-165,54,597,-597,54,-597,54,0,0,0
torproject.org,12488,32,15,17,1.13333333333,597,-60,-597,54,597,-60,-597,54,597,-60,-1514,54,-165,54,-1514,54,-1193,54,597,-60,-597,597,-60,-1514,-1514,54,-247,54,-1514,54,-1222,54,0,0,0,0,0,0,0,0
torproject.org,12459,32,15,17,1.13333333333,597,-60,-597,54,597,-60,-597,54,597,-60,-1514,54,-1514,54,-761,54,-597,54,597,-60,-597,597,-60,-1514,-1514,54,-761,54,-1514,54,-679,54,0,0,0,0,0,0,0,0
perdu.com,2485,11,5,6,1.2,597,-60,-597,54,597,-60,-597,597,-60,-1111,54,0,0,0,0,0,0,0,0,0,0,0,0,0,0,0,0,0,0,0,0,0,0,0,0,0,0,0,0,0
perdu.com,2485,11,5,6,1.2,597,-60,-597,54,597,-60,-597,597,-60,-1111,54,0,0,0,0,0,0,0,0,0,0,0,0,0,0,0,0,0,0,0,0,0,0,0,0,0,0,0,0,0
perdu.com,2485,11,5,6,1.2,597,-60,-597,54,597,-60,-597,597,-60,-1111,54,0,0,0,0,0,0,0,0,0,0,0,0,0,0,0,0,0,0,0,0,0,0,0,0,0,0,0,0,0
perdu.com,2539,11,5,6,1.2,609,-66,-609,66,609,-66,-609,609,-66,-1123,66,0,0,0,0,0,0,0,0,0,0,0,0,0,0,0,0,0,0,0,0,0,0,0,0,0,0,0,0,0
perdu.com,3048,13,6,7,1.16666666667,609,-66,-609,66,609,-66,-609,609,-66,-1123,-509,66,66,0,0,0,0,0,0,0,0,0,0,0,0,0,0,0,0,0,0,0,0,0,0,0,0,0,0,0
perdu.com,2539,11,5,6,1.2,609,-66,-609,66,609,-66,-609,609,-66,-1123,66,0,0,0,0,0,0,0,0,0,0,0,0,0,0,0,0,0,0,0,0,0,0,0,0,0,0,0,0,0
perdu.com,2485,11,5,6,1.2,597,-60,-597,54,597,-60,-597,597,-60,-1111,54,0,0,0,0,0,0,0,0,0,0,0,0,0,0,0,0,0,0,0,0,0,0,0,0,0,0,0,0,0
perdu.com,2646,14,7,7,1.0,609,-66,-609,66,609,-66,-609,609,-66,-1123,66,179,-107,66,0,0,0,0,0,0,0,0,0,0,0,0,0,0,0,0,0,0,0,0,0,0,0,0,0,0
perdu.com,2568,13,6,7,1.16666666667,597,-60,-597,54,597,-60,-597,597,-60,-597,54,-597,54,0,0,0,0,0,0,0,0,0,0,0,0,0,0,0,0,0,0,0,0,0,0,0,0,0,0,0
perdu.com,3142,14,6,8,1.33333333333,597,-60,-597,54,597,-60,-597,597,-60,-597,597,-60,-1111,54,0,0,0,0,0,0,0,0,0,0,0,0,0,0,0,0,0,0,0,0,0,0,0,0,0,0
perdu.com,2539,11,5,6,1.2,609,-66,-609,66,609,-66,-609,609,-66,-1123,66,0,0,0,0,0,0,0,0,0,0,0,0,0,0,0,0,0,0,0,0,0,0,0,0,0,0,0,0,0
perdu.com,2539,11,5,6,1.2,609,-66,-609,66,609,-66,-609,609,-66,-1123,66,0,0,0,0,0,0,0,0,0,0,0,0,0,0,0,0,0,0,0,0,0,0,0,0,0,0,0,0,0
perdu.com,2539,11,5,6,1.2,609,-66,-609,66,609,-66,-609,609,-66,-1123,66,0,0,0,0,0,0,0,0,0,0,0,0,0,0,0,0,0,0,0,0,0,0,0,0,0,0,0,0,0
perdu.com,2568,13,6,7,1.16666666667,597,-60,-597,54,597,-60,-597,597,-60,-597,54,-597,54,0,0,0,0,0,0,0,0,0,0,0,0,0,0,0,0,0,0,0,0,0,0,0,0,0,0,0
perdu.com,2568,13,6,7,1.16666666667,597,-60,-597,54,597,-60,-597,597,-60,-597,54,-597,54,0,0,0,0,0,0,0,0,0,0,0,0,0,0,0,0,0,0,0,0,0,0,0,0,0,0,0
perdu.com,2568,13,6,7,1.16666666667,597,-60,-597,54,597,-60,-597,597,-60,-597,54,-597,54,0,0,0,0,0,0,0,0,0,0,0,0,0,0,0,0,0,0,0,0,0,0,0,0,0,0,0
perdu.com,2671,14,6,8,1.33333333333,609,-66,-609,66,609,-66,-66,-609,609,-66,-1123,66,66,-66,0,0,0,0,0,0,0,0,0,0,0,0,0,0,0,0,0,0,0,0,0,0,0,0,0,0
perdu.com,2568,13,6,7,1.16666666667,597,-60,-597,54,597,-60,-597,597,-60,-597,54,-597,54,0,0,0,0,0,0,0,0,0,0,0,0,0,0,0,0,0,0,0,0,0,0,0,0,0,0,0
perdu.com,2485,11,5,6,1.2,1111,-60,-597,54,597,-60,-597,597,-60,-1111,54,0,0,0,0,0,0,0,0,0,0,0,0,0,0,0,0,0,0,0,0,0,0,0,0,0,0,0,0,0
perdu.com,2539,11,5,6,1.2,609,-66,-609,66,609,-66,-609,609,-66,-1123,66,0,0,0,0,0,0,0,0,0,0,0,0,0,0,0,0,0,0,0,0,0,0,0,0,0,0,0,0,0
perdu.com,2568,13,6,7,1.16666666667,597,-60,-597,54,597,-60,-597,597,-60,-597,54,-597,54,0,0,0,0,0,0,0,0,0,0,0,0,0,0,0,0,0,0,0,0,0,0,0,0,0,0,0
perdu.com,2539,11,5,6,1.2,609,-66,-609,66,609,-66,-609,609,-66,-1123,66,0,0,0,0,0,0,0,0,0,0,0,0,0,0,0,0,0,0,0,0,0,0,0,0,0,0,0,0,0
perdu.com,2539,11,5,6,1.2,609,-66,-609,66,609,-66,-609,609,-66,-1123,66,0,0,0,0,0,0,0,0,0,0,0,0,0,0,0,0,0,0,0,0,0,0,0,0,0,0,0,0,0
perdu.com,2539,11,5,6,1.2,609,-66,-609,66,609,-66,-609,609,-66,-1123,66,0,0,0,0,0,0,0,0,0,0,0,0,0,0,0,0,0,0,0,0,0,0,0,0,0,0,0,0,0
perdu.com,2539,11,5,6,1.2,609,-66,-609,66,609,-66,-609,609,-66,-1123,66,0,0,0,0,0,0,0,0,0,0,0,0,0,0,0,0,0,0,0,0,0,0,0,0,0,0,0,0,0
perdu.com,2712,15,7,8,1.14285714286,609,-66,-609,66,609,-66,-66,-609,609,-66,-1123,66,179,-107,66,0,0,0,0,0,0,0,0,0,0,0,0,0,0,0,0,0,0,0,0,0,0,0,0,0
perdu.com,2539,11,5,6,1.2,609,-66,-609,66,609,-66,-609,609,-66,-1123,66,0,0,0,0,0,0,0,0,0,0,0,0,0,0,0,0,0,0,0,0,0,0,0,0,0,0,0,0,0
perdu.com,2539,11,5,6,1.2,609,-66,-609,66,609,-66,-609,609,-66,-1123,66,0,0,0,0,0,0,0,0,0,0,0,0,0,0,0,0,0,0,0,0,0,0,0,0,0,0,0,0,0
perdu.com,3114,14,6,8,1.33333333333,609,-66,-609,66,609,-66,-66,-609,609,-66,-1123,66,-509,66,0,0,0,0,0,0,0,0,0,0,0,0,0,0,0,0,0,0,0,0,0,0,0,0,0,0
perdu.com,2539,11,5,6,1.2,609,-66,-609,66,609,-66,-609,609,-66,-1123,66,0,0,0,0,0,0,0,0,0,0,0,0,0,0,0,0,0,0,0,0,0,0,0,0,0,0,0,0,0
perdu.com,2485,11,5,6,1.2,597,-60,-597,54,597,-60,-597,597,-60,-1111,54,0,0,0,0,0,0,0,0,0,0,0,0,0,0,0,0,0,0,0,0,0,0,0,0,0,0,0,0,0
perdu.com,2539,11,5,6,1.2,609,-66,-609,66,609,-66,-609,609,-66,-1123,66,0,0,0,0,0,0,0,0,0,0,0,0,0,0,0,0,0,0,0,0,0,0,0,0,0,0,0,0,0
perdu.com,2646,14,7,7,1.0,609,-66,-609,66,609,-66,-609,609,-66,-1123,66,179,-107,66,0,0,0,0,0,0,0,0,0,0,0,0,0,0,0,0,0,0,0,0,0,0,0,0,0,0
perdu.com,2485,11,5,6,1.2,597,-60,-597,54,597,-60,-597,597,-60,-1111,54,0,0,0,0,0,0,0,0,0,0,0,0,0,0,0,0,0,0,0,0,0,0,0,0,0,0,0,0,0
perdu.com,2568,13,6,7,1.16666666667,597,-60,-597,54,597,-60,-597,597,-60,-597,54,-597,54,0,0,0,0,0,0,0,0,0,0,0,0,0,0,0,0,0,0,0,0,0,0,0,0,0,0,0
perdu.com,2539,11,5,6,1.2,609,-66,-609,66,609,-66,-609,609,-66,-1123,66,0,0,0,0,0,0,0,0,0,0,0,0,0,0,0,0,0,0,0,0,0,0,0,0,0,0,0,0,0
perdu.com,4576,26,12,14,1.16666666667,597,-60,1111,-60,1111,-60,-597,54,597,-60,-597,597,-60,-597,597,-60,-1111,54,1111,-60,-597,54,-597,54,597,-60,0,0,0,0,0,0,0,0,0,0,0,0,0,0
perdu.com,2539,11,5,6,1.2,609,-66,-609,66,609,-66,-609,609,-66,-1123,66,0,0,0,0,0,0,0,0,0,0,0,0,0,0,0,0,0,0,0,0,0,0,0,0,0,0,0,0,0
perdu.com,2485,11,5,6,1.2,597,-60,-597,54,597,-60,-597,597,-60,-1111,54,0,0,0,0,0,0,0,0,0,0,0,0,0,0,0,0,0,0,0,0,0,0,0,0,0,0,0,0,0
perdu.com,2539,11,5,6,1.2,609,-66,-609,66,609,-66,-609,609,-66,-1123,66,0,0,0,0,0,0,0,0,0,0,0,0,0,0,0,0,0,0,0,0,0,0,0,0,0,0,0,0,0
perdu.com,2539,11,5,6,1.2,609,-66,-609,66,609,-66,-609,609,-66,-1123,66,0,0,0,0,0,0,0,0,0,0,0,0,0,0,0,0,0,0,0,0,0,0,0,0,0,0,0,0,0
perdu.com,2539,11,5,6,1.2,609,-66,-609,66,609,-66,-609,609,-66,-1123,66,0,0,0,0,0,0,0,0,0,0,0,0,0,0,0,0,0,0,0,0,0,0,0,0,0,0,0,0,0
perdu.com,2568,13,6,7,1.16666666667,597,-60,-597,54,597,-60,-597,597,-60,-597,54,-597,54,0,0,0,0,0,0,0,0,0,0,0,0,0,0,0,0,0,0,0,0,0,0,0,0,0,0,0
perdu.com,2568,13,6,7,1.16666666667,597,-60,-597,54,597,-60,-597,597,-60,-597,54,-597,54,0,0,0,0,0,0,0,0,0,0,0,0,0,0,0,0,0,0,0,0,0,0,0,0,0,0,0
perdu.com,2568,13,6,7,1.16666666667,597,-60,-597,54,597,-60,-597,597,-60,-597,54,-597,54,0,0,0,0,0,0,0,0,0,0,0,0,0,0,0,0,0,0,0,0,0,0,0,0,0,0,0
perdu.com,2568,13,6,7,1.16666666667,597,-60,-597,54,597,-60,-597,597,-60,-597,54,-597,54,0,0,0,0,0,0,0,0,0,0,0,0,0,0,0,0,0,0,0,0,0,0,0,0,0,0,0
perdu.com,2539,11,5,6,1.2,609,-66,-609,66,609,-66,-609,609,-66,-1123,66,0,0,0,0,0,0,0,0,0,0,0,0,0,0,0,0,0,0,0,0,0,0,0,0,0,0,0,0,0
perdu.com,2539,11,5,6,1.2,609,-66,-609,66,609,-66,-609,609,-66,-1123,66,0,0,0,0,0,0,0,0,0,0,0,0,0,0,0,0,0,0,0,0,0,0,0,0,0,0,0,0,0
